ts_down,ts_up,dwell_ms,flight_ms,code,prev_code,key
1763442950652.836,1763442950753.39,100.549,9356.054,Key.backspace,Key.shift_r,
1763442950844.141,1763442950915.031,70.885,90.756,Key.backspace,Key.backspace,
1763442951010.194,1763442951116.063,105.867,95.167,Key.backspace,Key.backspace,
1763442940850.3,1763442951408.734,10558.43,-10265.76,Char.d,Key.backspace,d
1763442951398.453,1763442951550.098,151.623,-10.277,Char.k,Char.d,k
1763442951489.164,1763442951579.246,90.077,-60.911,Char.s,Char.k,s
1763442951635.073,1763442951791.246,156.17,55.831,Char.s,Char.s,s
1763442951801.423,1763442951922.419,120.99,10.18,Char.u,Char.s,u
1763442951872.328,1763442952040.469,168.137,-50.085,Char.d,Char.u,d
1763442952028.19,1763442952149.445,121.25,-12.276,Key.space,Char.d,
1763442952179.307,1763442952329.415,150.103,29.868,Char.d,Key.space,d
1763442952239.85,1763442952345.374,105.521,-89.56,Char.u,Char.d,u
1763442952370.217,1763442952485.942,115.721,24.846,Char.w,Char.u,w
1763442952445.901,1763442952636.871,190.966,-40.037,Char.l,Char.w,l
1763442952561.965,1763442952697.521,135.55,-74.902,Char.s,Char.l,s
1763442952758.439,1763442952878.531,120.087,60.924,Char.d,Char.s,d
1763442952793.282,1763442952923.1,129.813,-85.244,Char.k,Char.d,k
1763442953060.295,1763442953201.317,141.018,137.2,Char.!,Char.k,!
1763442953009.241,1763442953412.684,403.437,-192.074,Key.shift_r,Char.!,
1763442953523.421,1763442953664.431,141.005,110.742,Key.space,Key.shift_r,
1763442953709.889,1763442953825.221,115.326,45.465,Char.s,Key.space,s
1763442953800.291,1763442953951.027,150.73,-24.924,Char.k,Char.s,k
1763442953941.644,1763442954056.782,115.135,-9.378,Char.s,Char.k,s
1763442954082.528,1763442954187.695,105.161,25.749,Char.m,Char.s,m
1763442954152.767,1763442954278.545,125.772,-34.922,Char.s,Char.m,s
1763442954265.991,1763442954399.303,133.308,-12.549,Key.space,Char.s,
1763442955255.654,1763442955375.97,120.31,856.356,Char.e,Key.space,e
1763442955351.091,1763442955463.806,112.709,-24.873,Char.k,Char.e,k
1763442955487.314,1763442955612.724,125.407,23.513,Char.t,Char.k,t
1763442955582.776,1763442955733.804,151.023,-29.945,Char.l,Char.t,l
1763442955642.349,1763442955793.886,151.538,-91.456,Key.space,Char.l,
1763442955854.707,1763442956015.512,160.803,60.826,Char.g,Key.space,g
1763442955975.573,1763442956146.163,170.587,-39.937,Char.k,Char.g,k
1763442956157.411,1763442956257.321,99.905,11.251,Char.r,Char.k,r
1763442956358.179,1763442956468.898,110.713,100.861,Char.t,Char.r,t
1763442956574.736,1763442956720.462,145.722,105.846,Char.m,Char.t,m
1763442956851.773,1763442956992.217,140.441,131.315,Char.q,Char.m,q
1763442956972.029,1763442957103.114,131.082,-20.186,Key.space,Char.q,
1763442957168.776,1763442957314.768,145.977,65.666,Char.v,Key.space,v
1763442957334.952,1763442957517.999,183.042,20.198,Char.o,Char.v,o
1763442957506.231,1763442957677.347,171.112,-11.762,Char.x,Char.o,x
1763442957667.274,1763442957818.611,151.333,-10.069,Char.j,Char.x,j
1763442958467.819,1763442958553.228,85.39,649.211,Key.backspace,Char.j,
1763442958639.189,1763442958734.458,95.274,85.971,Key.backspace,Key.backspace,
1763442958795.014,1763442958895.942,100.926,60.56,Key.backspace,Key.backspace,
1763442958971.762,1763442959086.74,114.975,75.823,Key.backspace,Key.backspace,
1763442959142.463,1763442959308.544,166.077,55.726,Key.backspace,Key.backspace,
1763442959375.247,1763442959490.546,115.295,66.706,Key.backspace,Key.backspace,
1763442959536.633,1763442959661.24,124.59,46.091,Char.v,Key.backspace,v
1763442959641.979,1763442959792.438,150.452,-19.243,Char.o,Char.v,o
1763442959778.595,1763442959908.939,130.342,-13.838,Char.x,Char.o,x
1763442959898.866,1763442960044.068,145.199,-10.07,Char.j,Char.x,j
1763442959994.302,1763442960149.876,155.571,-49.763,Char.s,Char.j,s
1763442960139.515,1763442960285.452,145.932,-10.358,Key.space,Char.s,
1763442960326.369,1763442960416.547,90.173,40.921,Char.g,Key.space,g
1763442960391.719,1763442960567.662,175.938,-24.822,Char.k,Char.g,k
1763442960532.605,1763442960649.851,117.244,-35.052,Char.r,Char.k,r
1763442960738.983,1763442960870.053,131.068,89.134,Char.t,Char.r,t
1763442960828.954,1763442960960.226,131.267,-41.097,Char.m,Char.t,m
1763442960900.194,1763442961030.782,130.586,-60.027,Char.q,Char.m,q
1763442961116.396,1763442961292.715,176.313,85.617,Char.d,Char.q,d
1763442961227.8,1763442961333.743,105.93,-64.91,Char.m,Char.d,m
1763442961324.183,1763442961444.483,120.296,-9.548,Char.f,Char.m,f
1763442961408.16,1763442961534.887,126.722,-36.318,Key.space,Char.f,
1763442961595.643,1763442961746.414,150.767,60.761,Char.t,Key.space,t
1763442961811.72,1763442961946.881,135.157,65.311,Char.l,Char.t,l
1763442961917.311,1763442962048.016,130.691,-29.567,Char.w,Char.l,w
1763442962027.726,1763442962178.816,151.086,-20.276,Char.k,Char.w,k
1763442962118.203,1763442962209.716,91.508,-60.609,Char.r,Char.k,r
1763442962324.969,1763442962410.301,85.324,115.258,Char.g,Char.r,g
1763442962395.233,1763442962510.841,115.604,-15.059,Char.k,Char.g,k
1763442962526.58,1763442962672.32,145.735,15.742,Char.r,Char.k,r
1763442962627.213,1763442962738.955,111.738,-45.101,Char.h,Char.r,h
1763442962646.869,1763442962783.002,136.129,-92.083,Key.space,Char.h,
1763442962793.349,1763442962929.994,136.638,10.352,Char.d,Key.space,d
1763442962840.012,1763442962946.548,106.532,-89.974,Char.l,Char.d,l
1763442963005.066,1763442963185.898,180.827,58.52,Key.shift_r,Char.l,
1763442963241.673,1763442963407.578,165.901,55.781,Char.d,Key.shift_r,d
1763442963333.029,1763442963508.672,175.637,-74.544,Char.j,Char.d,j
1763442963670.109,1763442963815.567,145.454,161.442,Char..,Char.j,.
1763442963881.072,1763442964037.004,155.929,65.51,Char..,Char..,.
1763442964288.538,1763442964459.825,171.283,251.537,Key.enter,Char..,
1763442964087.233,1763442964469.819,382.582,-372.589,Key.shift,Key.enter,
1763442964717.406,1763442964933.74,216.331,247.589,Key.shift_r,Key.shift,
1763442964989.935,1763442965155.344,165.405,56.199,Char.h,Key.shift_r,h
1763442965066.4,1763442965205.753,139.347,-88.94,Key.space,Char.h,
1763442965220.576,1763442965366.323,145.741,14.831,Char.d,Key.space,d
1763442965301.632,1763442965447.188,145.55,-64.686,Char.j,Char.d,j
1763442965412.333,1763442965529.648,117.311,-34.85,Char.s,Char.j,s
1763442965618.537,1763442965738.948,120.405,88.893,Char.w,Char.s,w
1763442965714.043,1763442965895.654,181.606,-24.898,Char.p,Char.w,p
1763442965995.515,1763442966151.613,156.095,99.864,Key.space,Char.p,
1763442966243.32,1763442966353.25,109.912,91.711,Char.2,Key.space,2
1763442966363.585,1763442966454.147,90.559,10.354,Char.0,Char.2,0
1763442966522.716,1763442966642.005,119.284,68.572,Char.0,Char.0,0
1763442966832.141,1763442966988.028,155.882,190.141,Char.x,Char.0,x
1763442966923.073,1763442967099.307,176.228,-64.95,Char.k,Char.x,k
1763442967015.416,1763442967139.23,123.81,-83.887,Key.space,Char.k,
1763442967175.196,1763442967299.912,124.709,35.972,Char.w,Key.space,w
1763442967250.944,1763442967413.015,162.066,-48.961,Char.j,Char.w,j
1763442967390.904,1763442967529.22,138.311,-22.106,Char.d,Char.j,d
1763442967647.855,1763442967752.832,104.973,118.64,Char.e,Char.d,e
1763442967763.308,1763442967893.925,130.614,10.48,Char.h,Char.e,h
1763442967914.549,1763442968042.1,127.546,20.627,Char.f,Char.h,f
1763442968030.494,1763442968200.84,170.344,-11.6,Char.m,Char.f,m
1763442968115.973,1763442968212.461,96.488,-84.866,Char.f,Char.m,f
1763442968190.971,1763442968357.302,166.327,-21.489,Key.space,Char.f,
1763442968382.988,1763442968539.422,156.428,25.692,Char.c,Key.space,c
1763442968519.235,1763442968639.408,120.155,-20.182,Char.u,Char.c,u
1763442968615.46,1763442968766.051,150.587,-23.93,Char.d,Char.u,d
1763442968777.619,1763442968891.912,114.288,11.573,Char.i,Char.d,i
1763442968921.974,1763442969042.401,120.405,30.067,Char.g,Char.i,g
1763442969027.977,1763442969186.34,158.362,-14.403,Char.k,Char.g,k
1763442969174.199,1763442969305.098,130.893,-12.139,Char.f,Char.k,f
1763442969289.692,1763442969414.6,124.903,-15.402,Key.space,Char.f,
1763442969510.178,1763442969717.2,207.018,95.583,Key.shift_r,Key.space,
1763442969802.577,1763442970008.802,206.22,85.382,Char.k,Key.shift_r,k
1763442969902.979,1763442970038.988,136.005,-105.819,Key.space,Char.k,
1763442970050.019,1763442970140.242,90.22,11.036,Char.r,Key.space,r
1763442970311.288,1763442970432.348,121.055,171.049,Key.backspace,Char.r,
1763442970386.924,1763442970482.407,95.477,-45.418,Char.w,Key.backspace,w
1763442970528.161,1763442970668.925,140.76,45.76,Char.j,Char.w,j
1763442970598.433,1763442970714.27,115.832,-70.488,Char.d,Char.j,d
1763442970735.077,1763442970905.392,170.31,20.811,Char.a,Char.d,a
1763442970810.904,1763442971006.109,195.199,-94.483,Char.k,Char.a,k
1763442970937.155,1763442971053.41,116.25,-68.948,Char.f,Char.k,f
1763442971031.078,1763442971177.019,145.938,-22.327,Key.space,Char.f,
1763442971162.66,1763442971288.196,125.533,-14.355,Char.r,Key.space,r
1763442971264.68,1763442971368.65,103.964,-23.514,Char.h,Char.r,h
1763442971328.327,1763442971462.464,134.133,-40.316,Char.a,Char.h,a
1763442971424.2,1763442971575.297,151.094,-38.259,Char.l,Char.a,l
1763442971519.849,1763442971685.697,165.844,-55.446,Char.s,Char.l,s
1763442971590.256,1763442971756.176,165.914,-95.437,Char.d,Char.s,d
1763442971695.942,1763442971846.804,150.859,-60.228,Char.l,Char.d,l
1763442971830.012,1763442971977.748,147.729,-16.788,Char.d,Char.l,d
1763442971953.442,1763442972012.377,58.931,-24.301,Char.i,Char.d,i
1763442972205.389,1763442972340.51,135.116,193.017,Char..,Char.i,.
1763442972417.733,1763442972531.745,114.001,77.228,Char..,Char..,.
1763442972624.189,1763442972753.401,129.208,92.455,Char..,Char..,.
1763442973000.374,1763442973166.086,165.709,246.977,Key.enter,Char..,
1763442972833.845,1763442973176.056,342.206,-332.238,Key.shift,Key.enter,
1763442973297.201,1763442973448.409,151.204,121.151,Char.d,Key.shift,d
1763442973368.116,1763442973519.353,151.233,-80.289,Char.j,Char.d,j
1763442973498.451,1763442973619.22,120.765,-20.899,Char.s,Char.j,s
1763442973720.321,1763442973901.067,180.741,101.106,Char.w,Char.s,w
1763442973810.943,1763442973982.153,171.205,-90.119,Char.p,Char.w,p
1763442973890.973,1763442974023.098,132.12,-91.175,Key.space,Char.p,
1763442974012.926,1763442974143.183,130.242,-10.167,Char.e,Key.space,e
1763442974113.939,1763442974273.706,159.765,-29.229,Char.k,Char.e,k
1763442974188.781,1763442974329.278,140.494,-84.924,Key.space,Char.k,
1763442974359.916,1763442974465.295,105.372,30.642,Char.c,Key.space,c
1763442974448.658,1763442974584.016,135.353,-16.629,Char.l,Char.c,l
1763442974587.121,1763442974696.634,109.508,3.11,Char.f,Char.l,f
1763442974671.513,1763442974777.812,106.294,-25.117,Key.space,Char.f,
1763442974833.74,1763442974958.896,125.152,55.934,Char.t,Key.space,t
1763442974908.884,1763442975028.961,120.073,-50.008,Char.n,Char.t,n
1763442974938.653,1763442975069.185,130.529,-90.305,Key.space,Char.n,
1763442975079.606,1763442975221.937,142.328,10.425,Char.d,Key.space,d
1763442975160.233,1763442975270.648,110.412,-61.701,Char.l,Char.d,l
1763442963045.999,1763442975512.587,12466.577,-12224.647,Char.T,Char.l,T
1763442975341.184,1763442975549.417,208.228,-171.393,Key.shift_r,Char.T,
1763442975609.053,1763442975743.283,134.226,59.642,Char.d,Key.shift_r,d
1763442975709.087,1763442975810.008,100.906,-34.191,Char.m,Char.d,m
1763442975855.333,1763442975960.573,105.235,45.34,Char.f,Char.m,f
1763442975985.869,1763442976202.4,216.527,25.299,Key.shift_r,Char.f,
1763442976288.652,1763442976434.996,146.337,86.257,Char.k,Key.shift_r,k
1763442976580.926,1763442976686.286,105.354,145.936,Char..,Char.k,.
1763442976792.279,1763442976887.323,95.04,106.0,Char..,Char..,.
1763442977003.274,1763442977098.749,95.469,115.955,Char..,Char..,.
1763442977255.098,1763442977392.441,137.34,156.355,Char.?,Char..,?
1763442977199.173,1763442977400.498,201.322,-193.267,Key.shift_r,Char.?,
1763442977662.955,1763442977813.525,150.567,262.46,Key.enter,Key.shift_r,
1763442977415.456,1763442977823.757,408.297,-398.065,Key.shift,Key.enter,
1763442977935.733,1763442978059.525,123.789,111.981,Char.d,Key.shift,d
1763442978030.805,1763442978156.374,125.564,-28.717,Char.l,Char.d,l
1763442978136.471,1763442978287.047,150.572,-19.898,Char.f,Char.l,f
1763442978313.273,1763442978454.013,140.735,26.23,Char.e,Char.f,e
1763442978398.99,1763442978519.056,120.061,-55.018,Char.k,Char.e,k
1763442978529.451,1763442978689.963,160.506,10.4,Char.s,Char.k,s
1763442978624.566,1763442978740.492,115.922,-65.393,Key.space,Char.s,
1763442978785.905,1763442978931.657,145.747,45.419,Char.d,Key.space,d
1763442978856.137,1763442979052.366,196.225,-75.516,Char.h,Char.d,h
1763442978921.82,1763442979082.717,160.895,-130.541,Char.o,Char.h,o
1763442978976.702,1763442979102.761,126.055,-106.014,Key.space,Char.o,
1763442979093.177,1763442979223.631,130.452,-9.58,Char.d,Key.space,d
1763442979200.335,1763442979314.32,113.98,-23.293,Char.k,Char.d,k
1763442979274.654,1763442979485.744,211.087,-39.66,Char.s,Char.k,s
1763442979395.125,1763442979526.107,130.977,-90.616,Char.e,Char.s,e
1763442979465.711,1763442979586.163,120.442,-60.391,Char.h,Char.e,h
1763442979516.254,1763442979641.672,125.4,-69.899,Char.l,Char.h,l
1763442979628.274,1763442979753.068,124.79,-13.38,Char.s,Char.l,s
1763442979740.417,1763442979853.336,112.917,-12.649,Char.m,Char.s,m
1763442979808.186,1763442979925.177,116.988,-45.148,Char.s,Char.m,s
1763442980034.712,1763442980185.363,150.647,109.538,Char.w,Char.s,w
1763442980111.326,1763442980245.804,134.473,-74.033,Char.l,Char.w,l
1763442980160.028,1763442980300.561,140.528,-85.773,Key.space,Char.l,
1763442980337.966,1763442980437.255,99.271,37.411,Char.w,Key.space,w
1763442980417.656,1763442980527.732,110.072,-19.581,Char.k,Char.w,k
1763442980543.126,1763442980668.676,125.546,15.399,Char.f,Char.k,f
1763442980635.924,1763442980739.065,103.137,-32.749,Key.space,Char.f,
1763442980759.783,1763442980910.26,150.474,20.724,Char.a,Key.space,a
1763442980874.971,1763442980991.043,116.068,-35.286,Char.h,Char.a,h
1763442981001.618,1763442981081.845,80.231,10.569,Char.f,Char.h,f
1763442981202.77,1763442981313.724,110.952,120.93,Char.f,Char.f,f
1763442981348.938,1763442981494.225,145.282,35.217,Char.k,Char.f,k
1763442981504.809,1763442981650.055,145.24,10.589,Char.t,Char.k,t
1763442981606.123,1763442981766.839,160.711,-43.927,Char.j,Char.t,j
1763442981812.218,1763442981967.722,155.501,45.383,Key.space,Char.j,
1763442985060.302,1763442985201.443,141.137,3092.584,Char.e,Key.space,e
1763442985141.145,1763442985251.751,110.6,-60.293,Char.k,Char.e,k
1763442985282.919,1763442985402.297,119.379,31.167,Char.t,Char.k,t
1763442985357.441,1763442985553.318,195.872,-44.85,Char.l,Char.t,l
1763442985483.257,1763442985603.907,120.647,-70.057,Key.space,Char.l,
1763442985614.075,1763442985724.237,110.158,10.173,Char.g,Key.space,g
1763442985714.324,1763442985858.803,144.473,-9.909,Char.o,Char.g,o
1763442985821.217,1763442985956.959,135.736,-37.58,Char.q,Char.o,q
1763442985927.81,1763442986071.745,143.933,-29.145,Char.h,Char.q,h
1763442986061.888,1763442986207.752,145.861,-9.853,Char.r,Char.h,r
1763442986167.368,1763442986338.512,171.138,-40.382,Char.h,Char.r,h
1763442986252.561,1763442986389.215,136.648,-85.945,Key.space,Char.h,
1763442986358.96,1763442986509.738,150.772,-30.248,Char.d,Key.space,d
1763442986459.573,1763442986580.535,120.954,-50.159,Char.l,Char.d,l
1763442986691.487,1763442986811.791,120.3,110.959,Char.T,Char.l,T
1763442986625.716,1763442986862.314,236.583,-186.073,Key.shift_r,Char.T,
1763442986913.342,1763442987064.878,151.532,51.044,Char.d,Key.shift_r,d
1763442987002.031,1763442987124.707,122.671,-62.841,Char.j,Char.d,j
1763442987245.994,1763442987346.429,100.431,121.291,Char..,Char.j,.
1763442987431.172,1763442987567.969,136.79,84.748,Char..,Char..,.
1763442987864.333,1763442988040.358,176.022,296.369,Key.enter,Char..,
1763442987632.153,1763442988050.433,418.278,-408.201,Key.shift,Key.enter,
1763442988202.126,1763442988343.004,140.872,151.696,Char.d,Key.shift,d
1763442988252.342,1763442988418.024,165.678,-90.656,Char.j,Char.d,j
1763442988409.617,1763442988554.2,144.578,-8.403,Char.w,Char.j,w
1763442988493.964,1763442988685.046,191.079,-60.231,Char.p,Char.w,p
1763442988588.29,1763442988725.174,136.88,-96.754,Key.space,Char.p,
1763442988735.557,1763442988907.196,171.631,10.388,Char.d,Key.space,d
1763442988852.346,1763442989097.979,245.629,-54.842,Char.h,Char.d,h
1763442988896.98,1763442989128.296,231.31,-200.995,Char.o,Char.h,o
1763442988926.535,1763442989179.093,252.554,-201.756,Key.space,Char.o,
1763442989410.98,1763442989552.15,141.163,231.892,Char.t,Key.space,t
1763442989480.537,1763442989645.924,165.381,-71.606,Char.o,Char.t,o
1763442989622.62,1763442989813.014,190.392,-23.299,Char.q,Char.o,q
1763442989733.507,1763442989873.247,139.737,-79.503,Char.u,Char.q,u
1763442989858.685,1763442990064.783,206.092,-14.559,Char.r,Char.u,r
1763442990015.996,1763442990175.391,159.391,-48.782,Key.space,Char.r,
1763442990251.438,1763442990387.028,135.585,76.052,Char.3,Key.space,3
1763442990438.209,1763442990568.381,130.167,51.187,Char.t,Char.3,t
1763442990508.725,1763442990638.894,130.164,-59.65,Char.l,Char.t,l
1763442990704.903,1763442990840.649,135.74,66.014,Char.r,Char.l,r
1763442990790.602,1763442990988.17,197.541,-50.042,Char.p,Char.r,p
1763442990870.401,1763442991011.895,141.489,-117.744,Key.space,Char.p,
1763442991168.417,1763442991293.533,125.111,156.528,Char.w,Key.space,w
1763442991409.42,1763442991495.533,86.107,115.89,Key.backspace,Char.w,
1763442991570.323,1763442991645.814,75.486,74.796,Key.backspace,Key.backspace,
1763442991721.359,1763442991826.952,105.588,75.55,Key.backspace,Key.backspace,
1763442991842.746,1763442992008.558,165.809,15.8,Char.d,Key.backspace,d
1763442991923.084,1763442992119.18,196.093,-85.471,Char.p,Char.d,p
1763442992023.341,1763442992139.149,115.805,-95.837,Key.space,Char.p,
1763442992159.997,1763442992290.397,130.397,20.851,Char.w,Key.space,w
1763442992231.136,1763442992350.59,119.45,-59.256,Char.k,Char.w,k
1763442992472.117,1763442992602.706,130.585,121.531,Char.T,Char.k,T
1763442992410.804,1763442992622.559,211.75,-191.899,Key.shift_r,Char.T,
1763442992729.744,1763442992905.17,175.408,107.191,Char.s,Key.shift_r,s
1763442992855.422,1763442992971.211,115.785,-49.73,Char.i,Char.s,i
1763442993031.518,1763442993147.424,115.901,60.31,Char.r,Char.i,r
1763442993071.788,1763442993194.16,122.369,-75.631,Char.n,Char.r,n
1763442993318.431,1763442993428.961,110.527,124.275,Char..,Char.n,.
1763442993504.238,1763442993640.274,136.033,75.279,Char..,Char..,.
1763442993695.818,1763442993821.146,125.325,55.546,Char..,Char..,.
1763442993962.565,1763442994143.527,180.956,141.424,Char.?,Char..,?
1763442993926.723,1763442994153.293,226.564,-216.799,Key.shift_r,Char.?,
1763442994657.646,1763442994848.889,191.238,504.358,Key.enter,Key.shift_r,
1763442994395.55,1763442994879.154,483.598,-453.334,Key.shift,Key.enter,
1763442995594.042,1763442995694.199,100.153,714.894,Char.t,Key.shift,t
1763442995654.022,1763442995770.02,115.992,-40.172,Char.k,Char.t,k
1763442995780.344,1763442995890.793,110.444,10.33,Char.t,Char.k,t
1763442995881.006,1763442996021.734,140.726,-9.783,Char.l,Char.t,l
1763442995975.713,1763442996091.918,116.203,-46.018,Char.f,Char.l,f
1763442996137.252,1763442996263.371,126.113,45.337,Key.space,Char.f,
1763442997965.825,1763442998097.73,131.899,1702.46,Char.d,Key.space,d
1763442998087.207,1763442998202.741,115.531,-10.517,Char.j,Char.d,j
1763442998214.829,1763442998337.805,122.973,12.092,Char.w,Char.j,w
1763442998363.329,1763442998478.886,115.553,25.527,Char.p,Char.w,p
1763442998755.636,1763442998892.992,137.349,276.753,Key.space,Char.p,
1763442999148.724,1763442999304.751,156.024,255.74,Char.q,Key.space,q
1763442999355.305,1763442999476.199,120.891,50.557,Char.l,Char.q,l
1763442999435.912,1763442999548.717,112.799,-40.283,Char.r,Char.l,r
1763442999617.37,1763442999747.863,130.489,68.658,Char.e,Char.r,e
1763442999725.4,1763442999868.723,143.32,-22.459,Char.p,Char.e,p
1763442999889.139,1763443000020.125,130.981,20.418,Char.d,Char.p,d
1763442999974.958,1763443000130.573,155.607,-45.161,Char.l,Char.d,l
1763443000140.568,1763443000262.926,122.354,10.003,Char.x,Char.l,x
1763443000227.127,1763443000403.639,176.505,-35.795,Char.j,Char.x,j
1763443000322.446,1763443000463.278,140.827,-81.188,Key.space,Char.j,
1763443000478.601,1763443000563.502,84.896,15.33,Char.q,Key.space,q
1763443000554.419,1763443000684.447,130.025,-9.079,Char.n,Char.q,n
1763443000724.666,1763443000925.813,201.144,40.222,Char.s,Char.n,s
1763443001052.24,1763443001167.939,115.697,126.429,Char.t,Char.s,t
1763443001198.287,1763443001298.698,100.406,30.351,Char.j,Char.t,j
1763443001279.148,1763443001389.245,110.092,-19.545,Char.r,Char.j,r
1763443001404.584,1763443001510.907,106.319,15.344,Key.space,Char.r,
1763443001525.389,1763443001661.308,135.914,14.487,Char.v,Key.space,v
1763443001641.513,1763443001761.961,120.443,-19.79,Char.h,Char.v,h
1763443001784.205,1763443001902.98,118.769,22.249,Char.t,Char.h,t
1763443001878.446,1763443001989.221,110.77,-24.528,Char.m,Char.t,m
1763443002039.905,1763443002181.14,141.232,50.688,Char.x,Char.m,x
1763443002104.894,1763443002275.89,171.003,-76.255,Char.j,Char.x,j
1763443002201.097,1763443002335.889,134.786,-74.787,Key.space,Char.j,
1763443002362.272,1763443002456.813,94.536,26.39,Char.e,Key.space,e
1763443002411.525,1763443002588.083,176.542,-45.283,Char.k,Char.e,k
1763443002512.681,1763443002638.291,125.606,-75.387,Key.space,Char.k,
1763443002623.584,1763443002785.331,161.743,-14.703,Char.a,Key.space,a
1763443002714.309,1763443002859.716,145.403,-71.019,Char.k,Char.a,k
1763443002869.885,1763443002983.42,113.531,10.174,Char.s,Char.k,s
1763443003051.386,1763443003141.803,90.412,67.97,Char.e,Char.s,e
1763443003111.715,1763443003242.385,130.665,-30.083,Char.m,Char.e,m
1763443003232.508,1763443003354.306,121.796,-9.873,Char.f,Char.m,f
1763443003288.063,1763443003443.772,155.704,-66.24,Char.d,Char.f,d
1763443003393.705,1763443003504.085,110.376,-50.062,Char.j,Char.d,j
1763443003580.257,1763443003685.892,105.63,76.176,Char.T,Char.j,T
1763443003549.284,1763443003731.729,182.441,-136.603,Key.shift_r,Char.T,
1763443003756.037,1763443003902.811,146.769,24.313,Char.d,Key.shift_r,d
1763443003843.364,1763443003952.209,108.843,-59.443,Char.j,Char.d,j
1763443004063.601,1763443004175.679,112.075,111.395,Char..,Char.j,.
1763443004265.958,1763443004371.57,105.608,90.282,Char..,Char..,.
1763443004446.965,1763443004585.371,138.399,75.398,Char..,Char..,.
1763443005432.674,1763443005624.452,191.773,847.309,Key.enter,Char..,
1763443004677.538,1763443005664.63,987.088,-946.91,Key.shift,Key.enter,
1763443005725.863,1763443005871.735,145.868,61.237,Char.None,Key.shift,
1763443006234.941,1763443006360.051,125.104,363.212,Char.G,Char.None,G
1763443006370.01,1763443006495.368,125.345,9.965,Char.P,Char.G,P
1763443006520.423,1763443006672.496,152.068,25.067,Char.T,Char.P,T
1763443006027.033,1763443006722.072,695.033,-645.458,Key.shift,Char.T,
1763443006641.458,1763443006757.091,115.63,-80.608,Char.None,Key.shift,
1763443006850.195,1763443006973.28,123.082,93.107,Key.space,Char.None,
1763443007377.333,1763443007558.426,181.089,404.056,Char.a,Key.space,a
1763443007483.52,1763443007603.512,119.986,-74.902,Char.k,Char.a,k
1763443007633.475,1763443007749.193,115.714,29.971,Char.r,Char.k,r
1763443007703.938,1763443007829.709,125.766,-45.252,Char.n,Char.r,n
1763443008026.554,1763443008131.78,105.222,196.849,Key.backspace,Char.n,
1763443008182.621,1763443008283.318,100.691,50.845,Key.backspace,Key.backspace,
1763443008332.899,1763443008453.719,120.816,49.587,Key.backspace,Key.backspace,
1763443008595.383,1763443008725.813,130.425,141.669,Char.a,Key.backspace,a
1763443008680.771,1763443008816.573,135.785,-45.037,Char.k,Char.a,k
1763443008776.613,1763443008917.323,140.705,-39.943,Char.s,Char.k,s
1763443008927.513,1763443009028.044,100.526,10.195,Char.g,Char.s,g
1763443009098.575,1763443009241.32,142.74,70.536,Char.d,Char.g,d
1763443009155.449,1763443009330.636,175.181,-85.865,Char.l,Char.d,l
1763443009229.625,1763443009360.35,130.722,-101.007,Key.space,Char.l,
1763443009340.904,1763443009448.219,107.31,-19.442,Char.g,Key.space,g
1763443009431.645,1763443009562.075,130.419,-16.569,Char.h,Char.g,h
1763443009496.5,1763443009582.825,86.319,-65.563,Char.s,Char.h,s
1763443009673.559,1763443009793.6,120.04,90.734,Char.s,Char.s,s
1763443009719.112,1763443009855.388,136.27,-74.482,Char.o,Char.s,o
1763443009873.771,1763443010004.818,131.045,18.389,Char.t,Char.o,t
1763443009964.629,1763443010176.105,211.472,-40.187,Char.j,Char.t,j
1763443010095.371,1763443010236.341,140.966,-80.73,Key.space,Char.j,
1763443010478.399,1763443010624.121,145.719,242.063,Char.n,Key.space,n
1763443010428.192,1763443010629.178,200.983,-195.926,Char.a,Char.n,a
1763443010553.862,1763443010689.636,135.771,-75.313,Char.j,Char.a,j
1763443010675.121,1763443010800.437,125.303,-14.512,Char.f,Char.j,f
1763443010780.511,1763443010912.871,132.354,-19.913,Char.k,Char.f,k
1763443010931.551,1763443011113.896,182.336,18.684,Char.e,Char.k,e
1763443011057.553,1763443011223.449,165.893,-56.333,Char.h,Char.e,h
1763443011142.707,1763443011263.562,120.85,-80.74,Key.space,Char.h,
1763443011238.438,1763443011404.812,166.368,-25.119,Char.a,Key.space,a
1763443011354.335,1763443011489.823,135.484,-50.47,Char.k,Char.a,k
1763443011470.864,1763443011576.066,105.197,-18.956,Char.s,Char.k,s
1763443011657.622,1763443011758.274,100.646,81.56,Char.e,Char.s,e
1763443011742.451,1763443011858.791,116.334,-15.817,Char.m,Char.e,m
1763443011839.089,1763443011923.314,84.221,-19.696,Char.f,Char.m,f
1763443012039.609,1763443012155.786,116.17,116.299,Char.r,Char.f,r
1763443012109.804,1763443012273.588,163.779,-45.975,Char.l,Char.r,l
1763443012221.603,1763443012356.59,134.984,-51.982,Char.s,Char.l,s
1763443012331.484,1763443012426.595,95.109,-25.103,Key.space,Char.s,
1763443012442.101,1763443012547.753,105.648,15.51,Char.g,Key.space,g
1763443012522.885,1763443012628.504,105.616,-24.864,Char.o,Char.g,o
1763443012769.309,1763443012869.708,100.395,140.808,Char.T,Char.o,T
1763443012713.928,1763443012900.045,186.114,-155.776,Key.shift_r,Char.T,
1763443012946.134,1763443013051.34,105.203,46.093,Char.s,Key.shift_r,s
1763443013041.458,1763443013182.285,140.823,-9.879,Char.m,Char.s,m
1763443013137.3,1763443013313.354,176.048,-44.98,Char.s,Char.m,s
1763443013197.066,1763443013389.111,192.04,-116.283,Char.e,Char.s,e
1763443013299.207,1763443013444.802,145.591,-89.899,Char.p,Char.e,p
1763443013626.182,1763443013786.267,160.08,181.385,Key.enter,Char.p,
1763443013515.453,1763443013806.384,290.928,-270.811,Key.shift,Key.enter,
1763443014295.288,1763443014420.586,125.294,488.909,Char.s,Key.shift,s
1763443014380.755,1763443014502.712,121.954,-39.827,Char.o,Char.s,o
1763443014511.413,1763443014622.23,110.813,8.704,Char.s,Char.o,s
1763443014612.173,1763443014723.077,110.893,-10.054,Char.u,Char.s,u
1763443014697.745,1763443014803.534,105.784,-25.321,Char.s,Char.u,s
1763443014813.362,1763443014911.68,98.315,9.832,Key.space,Char.s,
1763443014924.667,1763443015037.712,113.041,12.991,Char.2,Key.space,2
1763443015166.689,1763443015352.831,186.137,128.981,Char.d,Char.2,d
1763443015277.153,1763443015439.01,161.851,-75.673,Char.n,Char.d,n
1763443015343.454,1763443015499.121,155.661,-95.55,Char.j,Char.n,j
1763443015448.859,1763443015579.4,130.523,-50.256,Char.f,Char.j,f
1763443015639.933,1763443015831.504,191.565,60.552,Char.d,Char.f,d
1763443015882.182,1763443016103.116,220.929,50.683,Char.p,Char.d,p
1763443016087.476,1763443016223.395,135.917,-15.636,Key.space,Char.p,
1763443016233.807,1763443016394.753,160.941,10.416,Char.x,Key.space,x
1763443016345.052,1763443016485.322,140.265,-49.696,Char.h,Char.x,h
1763443016420.103,1763443016626.232,206.127,-65.214,Char.d,Char.h,d
1763443016566.092,1763443016706.879,140.784,-60.137,Char.t,Char.d,t
1763443016646.661,1763443016817.815,171.149,-60.216,Char.l,Char.t,l
1763443016722.218,1763443016857.908,135.687,-95.591,Char.s,Char.l,s
1763443016939.986,1763443017049.341,109.35,82.081,Char.g,Char.s,g
1763443017024.436,1763443017175.383,150.942,-24.9,Char.k,Char.g,k
1763443017135.394,1763443017251.689,116.29,-39.985,Char.r,Char.k,r
1763443017321.775,1763443017442.408,120.629,70.092,Char.d,Char.r,d
1763443017633.211,1763443017714.076,80.86,190.805,Key.backspace,Char.d,
1763443017735.317,1763443017847.81,112.487,21.248,Char.g,Key.backspace,g
1763443017841.795,1763443018046.054,204.245,-6.009,Char.h,Char.g,h
1763443017991.387,1763443018126.731,135.341,-54.656,Key.space,Char.h,
1763443017921.705,1763443018137.08,215.371,-205.022,Char.l,Key.space,l
1763443018232.959,1763443018348.688,115.719,95.884,Char.d,Char.l,d
1763443018318.343,1763443018449.267,130.902,-30.336,Char.k,Char.d,k
1763443018388.966,1763443018569.991,181.02,-60.278,Char.s,Char.k,s
1763443018499.822,1763443018595.245,95.418,-70.165,Char.r,Char.s,r
1763443018585.411,1763443018700.791,115.376,-9.829,Char.k,Char.r,k
1763443018691.163,1763443018811.918,120.75,-9.623,Char.r,Char.k,r
1763443018802.324,1763443018972.859,170.532,-9.59,Char.h,Char.r,h
1763443018953.402,1763443019093.8,140.393,-19.456,Key.space,Char.h,
1763443019044.094,1763443019170.238,126.138,-49.699,Char.t,Key.space,t
1763443019179.198,1763443019326.136,146.933,8.966,Char.l,Char.t,l
1763443019240.082,1763443019371.979,131.892,-86.049,Char.v,Char.l,v
1763443019416.411,1763443019573.248,156.837,44.433,Char.d,Char.v,d
1763443019517.725,1763443019637.526,119.794,-55.519,Char.j,Char.d,j
1763443019703.153,1763443019839.137,135.979,65.634,Char..,Char.j,.
1763443019899.514,1763443020135.895,236.375,60.382,Char..,Char..,.
1763443020025.385,1763443020176.13,150.742,-110.506,Key.space,Char..,
1763443020232.077,1763443020347.554,115.474,55.951,Char.r,Key.space,r
1763443020307.831,1763443020407.881,100.045,-39.719,Char.m,Char.r,m
1763443020388.402,1763443020539.231,150.826,-19.475,Char.s,Char.m,s
1763443020483.752,1763443020620.188,136.428,-55.475,Char.i,Char.s,i
1763443020579.352,1763443020796.223,216.866,-40.829,Char.d,Char.i,d
1763443020654.7,1763443020820.922,166.224,-141.525,Key.space,Char.d,
1763443020755.952,1763443020921.855,165.897,-64.965,Char.t,Key.space,t
1763443020902.888,1763443021083.568,180.675,-18.962,Char.j,Char.t,j
1763443021001.114,1763443021191.386,190.265,-82.448,Char.f,Char.j,f
1763443021173.983,1763443021334.728,160.741,-17.398,Char.a,Char.f,a
1763443021324.423,1763443021465.795,141.367,-10.299,Char.n,Char.a,n
1763443021381.02,1763443021506.458,125.435,-84.771,Char.s,Char.n,s
1763443021591.573,1763443021727.217,135.637,85.119,Char.w,Char.s,w
1763443021668.059,1763443021797.746,129.681,-59.151,Char.h,Char.w,h
1763443022266.135,1763443022371.659,105.518,468.395,Char.t,Char.h,t
1763443022356.908,1763443022465.992,109.079,-14.746,Char.k,Char.t,k
1763443022487.813,1763443022603.528,115.71,21.827,Char.e,Char.k,e
1763443022583.576,1763443022704.105,120.525,-19.948,Char.h,Char.e,h
1763443022618.284,1763443022744.179,125.892,-85.819,Key.space,Char.h,
1763443022734.757,1763443022855.079,120.32,-9.418,Char.d,Key.space,d
1763443022814.992,1763443022945.973,130.977,-40.085,Char.k,Char.d,k
1763443022890.635,1763443023031.412,140.772,-55.334,Char.s,Char.k,s
1763443022976.795,1763443023077.357,100.557,-54.611,Char.g,Char.s,g
1763443023056.538,1763443023178.297,121.754,-20.815,Char.o,Char.g,o
1763443023253.155,1763443023444.725,191.566,74.862,Key.shift_r,Char.o,
1763443023540.36,1763443023711.194,170.83,95.64,Char.d,Key.shift_r,d
1763443023605.616,1763443023741.247,135.629,-105.574,Char.j,Char.d,j
1763443023857.288,1763443023942.911,85.618,116.043,Char..,Char.j,.
1763443024300.201,1763443024446.223,146.019,357.294,Key.enter,Char..,
1763443024123.705,1763443024486.965,363.258,-322.516,Key.shift,Key.enter,
1763443024588.108,1763443024733.791,145.679,101.146,Char.d,Key.shift,d
1763443024683.943,1763443024805.079,121.133,-49.845,Char.h,Char.d,h
1763443024789.785,1763443024960.448,170.658,-15.289,Char.s,Char.h,s
1763443024930.687,1763443025070.387,139.698,-29.756,Char.m,Char.s,m
1763443025050.829,1763443025181.777,130.942,-19.555,Char.f,Char.m,f
1763443025127.321,1763443025249.295,121.969,-54.452,Key.space,Char.f,
1763443025266.237,1763443025383.389,117.147,16.948,Char.d,Key.space,d
1763443025348.72,1763443025493.706,144.982,-34.663,Char.k,Char.d,k
1763443025453.222,1763443025644.408,191.184,-40.481,Char.s,Char.k,s
1763443025594.642,1763443025705.524,110.879,-49.764,Char.d,Char.s,d
1763443025675.193,1763443025807.113,131.915,-30.328,Char.h,Char.d,h
1763443025781.081,1763443025916.615,135.528,-26.027,Char.s,Char.h,s
1763443025977.271,1763443026077.982,100.705,60.662,Char.t,Char.s,t
1763443026032.647,1763443026148.212,115.56,-45.33,Char.k,Char.t,k
1763443026184.34,1763443026320.089,135.743,36.133,Char.f,Char.k,f
1763443026249.567,1763443026389.844,140.272,-70.517,Char.k,Char.f,k
1763443026541.667,1763443026747.414,205.744,151.828,Char.a,Char.k,a
1763443026853.81,1763443026984.545,130.728,106.399,Char.e,Char.a,e
1763443026944.268,1763443027135.661,191.389,-40.271,Char.h,Char.e,h
1763443027040.732,1763443027176.673,135.939,-94.926,Key.space,Char.h,
1763443027261.376,1763443027407.098,145.716,84.707,Char.w,Key.space,w
1763443027351.841,1763443027507.995,156.15,-55.251,Char.h,Char.w,h
1763443027498.276,1763443027678.962,180.681,-9.716,Char.a,Char.h,a
1763443027613.289,1763443027729.161,115.867,-65.667,Key.space,Char.a,
1763443027795.085,1763443027981.117,186.027,65.929,Char.d,Key.space,d
1763443027916.021,1763443028056.373,140.348,-65.091,Char.l,Char.d,l
1763443023314.032,1763443028339.628,5025.593,-4742.338,Char.T,Char.l,T
1763443028142.293,1763443028358.62,216.32,-197.332,Key.shift_r,Char.T,
1763443028455.835,1763443028560.66,104.82,97.222,Char.s,Key.shift_r,s
1763443028575.818,1763443028661.161,85.339,15.162,Char.m,Char.s,m
1763443028671.824,1763443028811.795,139.966,10.668,Char.s,Char.m,s
1763443028746.633,1763443028862.381,115.744,-65.159,Key.space,Char.s,
1763443028842.604,1763443028943.458,100.847,-19.771,Char.r,Key.space,r
1763443028962.504,1763443029103.674,141.166,19.052,Char.j,Char.r,j
1763443029033.673,1763443029153.903,120.226,-69.997,Char.t,Char.j,t
1763443029189.212,1763443029305.252,116.037,35.312,Key.space,Char.t,
1763443029320.748,1763443029466.594,145.84,15.5,Char.r,Key.space,r
1763443029426.524,1763443029577.523,150.997,-40.064,Char.k,Char.r,k
1763443029814.231,1763443029960.08,145.844,236.71,Char.x,Char.k,x
1763443030029.055,1763443030152.108,123.048,68.98,Char.d,Char.x,d
1763443030111.536,1763443030252.242,140.702,-40.568,Char.m,Char.d,m
1763443030233.242,1763443030398.47,165.222,-18.996,Char.s,Char.m,s
1763443030278.566,1763443030453.252,174.683,-119.899,Char.e,Char.s,e
1763443030430.328,1763443030545.426,115.093,-22.921,Char.p,Char.e,p
1763443030967.873,1763443031087.98,120.103,422.451,Char.?,Char.p,?
1763443031193.913,1763443031329.743,135.826,105.939,Char.?,Char.?,?
1763443030710.376,1763443031362.608,652.229,-619.365,Key.shift_r,Char.?,
1763443031470.624,1763443031591.59,120.961,108.02,Key.space,Key.shift_r,
1763443031647.172,1763443031787.999,140.823,55.588,Char.w,Key.space,w
1763443031752.865,1763443031893.403,140.535,-35.131,Char.k,Char.w,k
1763443031868.909,1763443032015.315,146.407,-24.497,Char.f,Char.k,f
1763443031969.645,1763443032107.119,137.468,-45.667,Key.space,Char.f,
1763443032114.981,1763443032299.452,184.468,7.869,Char.a,Key.space,a
1763443032266.998,1763443032407.108,140.106,-32.451,Char.h,Char.a,h
1763443032418.195,1763443032548.708,130.508,11.09,Char.r,Char.h,r
1763443032528.683,1763443032685.734,157.045,-20.019,Char.m,Char.r,m
1763443032745.692,1763443032890.498,144.802,59.964,Char.t,Char.m,t
1763443032810.57,1763443032930.881,120.307,-79.925,Char.p,Char.t,p
1763443032981.051,1763443033353.7,372.645,50.174,Key.shift_r,Char.p,
1763443034236.161,1763443034351.188,115.036,882.452,Key.backspace,Key.shift_r,
1763443034461.734,1763443034532.792,71.052,110.55,Key.backspace,Key.backspace,
1763443034622.466,1763443034743.454,120.985,89.68,Key.backspace,Key.backspace,
1763443034915.145,1763443035025.641,110.491,171.696,Char.f,Key.backspace,f
1763443034985.361,1763443035119.714,134.347,-40.274,Char.m,Char.f,m
1763443035141.306,1763443035267.314,126.002,21.598,Char.r,Char.m,r
1763443035196.889,1763443035301.895,105.0,-70.419,Char.p,Char.r,p
1763443035403.824,1763443035534.855,131.027,101.935,Char.T,Char.p,T
1763443035352.798,1763443035560.601,207.799,-182.054,Key.shift_r,Char.T,
1763443035646.352,1763443035791.339,144.982,85.756,Char.e,Key.shift_r,e
1763443035738.142,1763443035862.392,124.245,-53.191,Char.k,Char.e,k
1763443024033.513,1763443036129.16,12095.644,-11828.874,Char..,Char.k,.
1763443036214.378,1763443036340.677,126.294,85.221,Char..,Char..,.
1763443036586.229,1763443036762.708,176.474,245.558,Key.enter,Char..,
1763443036400.731,1763443036792.827,392.093,-361.974,Key.shift,Key.enter,
1763443036924.156,1763443037044.796,120.633,131.333,Char.t,Key.shift,t
1763443037024.811,1763443037186.228,161.401,-19.978,Char.l,Char.t,l
1763443037170.97,1763443037457.914,286.939,-15.242,Char.s,Char.l,s
1763443037599.775,1763443037709.648,109.866,141.867,Char.r,Char.s,r
1763443037695.019,1763443037840.325,145.3,-14.623,Char.l,Char.r,l
1763443037850.724,1763443037971.648,120.919,10.407,Char.g,Char.l,g
1763443037947.245,1763443038089.941,142.691,-24.399,Char.k,Char.g,k
1763443038093.237,1763443038213.372,120.13,3.301,Char.e,Char.k,e
1763443038173.132,1763443038374.179,201.041,-40.235,Char.k,Char.e,k
1763443038283.745,1763443038436.951,153.204,-90.429,Key.space,Char.k,
1763443038364.324,1763443038525.215,160.887,-72.623,Char.a,Key.space,a
1763443038510.623,1763443038666.193,155.566,-14.59,Char.k,Char.a,k
1763443038590.687,1763443038696.344,105.652,-75.5,Char.s,Char.k,s
1763443038787.266,1763443038897.683,110.414,90.926,Char.w,Char.s,w
1763443038918.193,1763443039038.747,120.549,20.513,Char.h,Char.w,h
1763443038985.812,1763443039109.283,123.466,-52.93,Char.d,Char.h,d
1763443039246.532,1763443039401.064,154.53,137.254,Char.d,Char.d,d
1763443039363.041,1763443039462.5,99.455,-38.02,Char.h,Char.d,h
1763443039556.241,1763443039791.348,235.096,93.745,Key.shift_r,Char.h,
1763443040006.836,1763443040166.476,159.633,215.499,Key.space,Key.shift_r,
1763443039850.437,1763443040187.313,336.874,-316.033,Char.k,Key.space,k
1763443040514.275,1763443040641.452,127.175,326.965,Char.t,Char.k,t
1763443040594.955,1763443040720.459,125.5,-46.495,Char.l,Char.t,l
1763443040690.54,1763443040871.616,181.072,-29.914,Char.s,Char.l,s
1763443040766.145,1763443040881.571,115.416,-105.467,Char.r,Char.s,r
1763443040861.814,1763443041008.459,146.64,-19.747,Char.l,Char.r,l
1763443040988.281,1763443041113.933,125.646,-20.173,Char.g,Char.l,g
1763443041093.755,1763443041234.644,140.883,-20.173,Char.k,Char.g,k
1763443041174.984,1763443041335.689,160.699,-59.654,Char.s,Char.k,s
1763443041244.842,1763443041391.337,146.49,-90.841,Char.r,Char.s,r
1763443041346.144,1763443041501.71,155.547,-45.188,Char.j,Char.r,j
1763443041412.978,1763443041536.416,123.433,-88.715,Key.space,Char.j,
1763443041492.017,1763443041658.049,166.027,-44.393,Char.a,Key.space,a
1763443041617.604,1763443041779.533,161.925,-40.439,Char.k,Char.a,k
1763443041688.284,1763443041798.065,109.778,-91.246,Char.s,Char.k,s
1763443042272.091,1763443042382.276,110.181,474.03,Char.e,Char.s,e
1763443042367.591,1763443042493.325,125.731,-14.68,Char.m,Char.e,m
1763443042463.076,1763443042583.541,120.46,-30.247,Char.f,Char.m,f
1763443042543.64,1763443042684.376,140.733,-39.896,Char.d,Char.f,d
1763443042619.218,1763443042714.523,95.301,-65.155,Char.j,Char.d,j
1763443042795.728,1763443042906.625,110.893,81.21,Char.T,Char.j,T
1763443042734.529,1763443042936.301,201.767,-172.092,Key.shift_r,Char.T,
1763443042988.294,1763443043127.225,138.927,51.999,Char.s,Key.shift_r,s
1763443043059.375,1763443043187.855,128.475,-67.846,Char.p,Char.s,p
1763443043314.243,1763443043445.785,131.538,126.391,Char..,Char.p,.
1763443043520.911,1763443043641.015,120.092,75.13,Char..,Char..,.
1763443043716.812,1763443043842.606,125.791,75.81,Char..,Char..,.
1763443044033.952,1763443044189.726,155.77,191.349,Key.space,Char..,
1763443044754.815,1763443044905.456,150.636,565.094,Char.w,Key.space,w
1763443044850.356,1763443044971.477,121.114,-55.094,Char.j,Char.w,j
1763443044951.351,1763443045086.488,135.133,-20.12,Char.f,Char.j,f
1763443045042.083,1763443045192.363,150.266,-44.401,Char.j,Char.f,j
1763443045127.468,1763443045298.684,171.197,-64.88,Char.s,Char.j,s
1763443045449.132,1763443045559.65,110.513,150.467,Char.r,Char.s,r
1763443045549.74,1763443045700.639,150.894,-9.905,Char.j,Char.r,j
1763443045676.766,1763443045811.288,134.515,-23.868,Char.t,Char.j,t
1763443045907.465,1763443046035.716,128.248,96.182,Char.e,Char.t,e
1763443045987.844,1763443046133.594,145.741,-47.869,Char.h,Char.e,h
1763443046052.933,1763443046173.522,120.592,-80.661,Key.space,Char.h,
1763443046209.486,1763443046325.169,115.678,35.97,Char.e,Key.space,e
1763443046285.016,1763443046400.078,115.059,-40.149,Char.h,Char.e,h
1763443046345.26,1763443046476.276,131.013,-54.815,Char.l,Char.h,l
1763443046425.768,1763443046526.533,100.761,-50.505,Char.s,Char.l,s
1763443046536.954,1763443046668.229,131.27,10.426,Char.m,Char.s,m
1763443046622.333,1763443046806.505,184.169,-45.89,Char.s,Char.m,s
