ts_down,ts_up,dwell_ms,flight_ms,code,prev_code,key
1761151645148.892,1761151645240.175,91.036,9491.721,Key.backspace,Char.d,
1761151645295.528,1761151645385.413,90.593,54.98,Key.backspace,Key.backspace,
1761151645457.054,1761151645546.931,90.066,71.448,Key.backspace,Key.backspace,
1761151645824.931,1761151645900.301,75.531,277.302,Key.space,Key.backspace,
1761151646015.853,1761151646122.372,106.067,115.789,Char.g,Key.space,g
1761151646104.545,1761151646243.586,139.048,-17.781,Char.k,Char.g,k
1761151646167.176,1761151646312.477,144.857,-75.484,Char.s,Char.k,s
1761151646268.409,1761151646404.116,135.663,-44.272,Char.e,Char.s,e
1761151646374.699,1761151646463.797,88.746,-29.016,Char.k,Char.e,k
1761151646565.293,1761151646675.704,110.436,101.195,Char..,Char.k,.
1761151646720.601,1761151646816.13,95.638,44.864,Key.enter,Char..,
1761151647638.387,1761151647743.643,105.716,822.018,Char.t,Key.enter,t
1761151647702.386,1761151647803.322,100.244,-40.848,Char.l,Char.t,l
1761151647818.459,1761151647914.323,95.31,15.627,Char.f,Char.l,f
1761151647898.886,1761151648004.281,105.762,-15.396,Key.space,Char.f,
1761151648014.778,1761151648127.72,111.99,10.853,Char.r,Key.space,r
1761151648221.833,1761151648327.476,106.089,94.17,Char.k,Char.r,k
1761151648373.641,1761151648458.824,84.926,46.317,Char.s,Char.k,s
1761151648437.781,1761151648529.352,90.585,-20.462,Char.m,Char.s,m
1761151648538.882,1761151648638.837,100.201,9.887,Char.s,Char.m,s
1761151648729.409,1761151648830.641,101.01,90.786,Key.space,Char.s,
1761151648842.275,1761151648921.719,79.305,11.306,Char.e,Key.space,e
1761151648913.204,1761151649042.563,129.552,-8.606,Char.p,Char.e,p
1761151648991.158,1761151649072.795,81.302,-50.902,Key.space,Char.p,
1761151649133.822,1761151649223.843,90.397,60.823,Char.q,Key.space,q
1761151649214.323,1761151649314.229,100.226,-9.948,Char.k,Char.q,k
1761151649334.569,1761151649455.219,120.739,20.71,Char.s,Char.k,s
1761151649396.931,1761151649525.357,129.063,-58.81,Char.m,Char.s,m
1761151649505.863,1761151649596.126,89.709,-19.24,Char.f,Char.m,f
1761151649621.685,1761151649727.251,105.341,25.103,Char.e,Char.f,e
1761151649692.6,1761151649837.326,145.515,-34.674,Char.h,Char.e,h
1761151649786.767,1761151649888.042,100.812,-50.762,Key.space,Char.h,
1761151649863.443,1761151649968.872,104.484,-23.758,Char.r,Key.space,r
1761151649934.805,1761151650058.936,124.995,-34.054,Char.k,Char.r,k
1761151650023.842,1761151650180.614,156.007,-35.233,Char.s,Char.k,s
1761151650135.62,1761151650290.458,155.65,-45.01,Char.e,Char.s,e
1761151650241.336,1761151650341.544,100.703,-49.519,Char.k,Char.e,k
1761151650458.576,1761151650572.696,114.728,116.358,Char..,Char.k,.
1761151650618.262,1761151650693.315,74.95,45.409,Key.enter,Char..,
1761151651086.756,1761151651218.729,131.541,393.423,Char.w,Key.enter,w
1761151651167.071,1761151651328.527,161.043,-50.782,Char.k,Char.w,k
1761151651237.911,1761151651348.692,110.174,-90.56,Char.r,Char.k,r
1761151651380.151,1761151651479.26,99.848,31.699,Char.d,Char.r,d
1761151651445.033,1761151651539.21,94.041,-34.36,Char.m,Char.d,m
1761151651554.805,1761151651680.707,125.617,15.523,Char.s,Char.m,s
1761151651645.275,1761151651721.174,75.994,-35.307,Key.space,Char.s,
1761151651742.433,1761151651831.938,89.571,20.894,Char.r,Key.space,r
1761151651816.923,1761151651913.117,95.803,-14.674,Char.h,Char.r,h
1761151651928.872,1761151652053.996,124.88,15.941,Char.c,Char.h,c
1761151652003.596,1761151652104.357,100.714,-50.061,Char.n,Char.c,n
1761151652146.769,1761151652264.666,117.983,42.347,Char.r,Char.n,r
1761151652189.324,1761151652355.669,165.602,-75.002,Char.k,Char.r,k
1761151652337.073,1761151652405.143,68.701,-18.466,Key.space,Char.k,
1761151652365.195,1761151652470.928,105.261,-39.687,Char.e,Key.space,e
1761151652462.426,1761151652598.124,135.398,-8.728,Char.j,Char.e,j
1761151652587.067,1761151652627.727,40.961,-11.042,Key.space,Char.j,
1761151652612.661,1761151652728.429,115.453,-14.851,Char.a,Key.space,a
1761151653035.374,1761151653140.343,105.371,307.127,Char.o,Char.a,o
1761151653162.525,1761151653291.777,129.489,21.566,Char.q,Char.o,q
1761151653415.423,1761151653528.783,113.99,123.186,Char.e,Char.q,e
1761151653489.324,1761151653568.804,80.101,-40.079,Char.k,Char.e,k
1761151653663.325,1761151653770.857,107.847,94.37,Char..,Char.k,.
1761151653815.763,1761151653912.002,96.549,44.181,Key.enter,Char..,
1761151654203.321,1761151654324.114,120.541,291.783,Char.z,Key.enter,z
1761151654295.754,1761151654395.128,100.506,-28.938,Char.m,Char.z,m
1761151654405.652,1761151654505.105,100.208,9.347,Char.s,Char.m,s
1761151654475.468,1761151654560.861,85.715,-30.399,Key.space,Char.s,
1761151654551.336,1761151654646.843,95.854,-9.501,Char.t,Key.space,t
1761151654606.68,1761151654727.436,120.722,-40.593,Char.l,Char.t,l
1761151654687.96,1761151654778.193,90.24,-39.328,Char.s,Char.l,s
1761151654984.422,1761151655070.024,85.43,206.358,Char.u,Char.s,u
1761151655261.598,1761151655351.463,89.878,191.555,Key.backspace,Char.u,
1761151655401.234,1761151655492.045,90.638,50.351,Key.backspace,Key.backspace,
1761151655533.819,1761151655654.977,120.615,41.568,Char.f,Key.backspace,f
1761151655604.89,1761151655714.521,110.449,-50.095,Char.u,Char.f,u
1761151655699.895,1761151655825.51,125.941,-14.922,Char.s,Char.u,s
1761151655805.556,1761151655925.531,119.972,-20.312,Char.d,Char.s,d
1761151655890.868,1761151655985.303,95.282,-34.818,Char.m,Char.d,m
1761151655998.453,1761151656097.253,98.711,12.689,Char.s,Char.m,s
1761151656060.961,1761151656156.906,95.609,-36.131,Key.space,Char.s,
1761151656338.937,1761151656435.429,96.678,181.881,Char.z,Key.space,z
1761151656388.997,1761151656489.884,101.115,-46.348,Char.m,Char.z,m
1761151656520.526,1761151656591.034,70.504,30.42,Char.s,Char.m,s
1761151656565.204,1761151656665.307,100.876,-26.069,Key.space,Char.s,
1761151656656.844,1761151656782.079,125.249,-8.877,Char.d,Key.space,d
1761151656729.029,1761151656872.748,143.567,-53.504,Char.m,Char.d,m
1761151656818.098,1761151656943.055,125.473,-54.346,Char.l,Char.m,l
1761151656883.531,1761151656993.618,110.961,-60.321,Char.a,Char.l,a
1761151657008.907,1761151657089.374,80.311,14.495,Char.n,Char.a,n
1761151657078.84,1761151657164.771,85.357,-9.652,Char.f,Char.n,f
1761151657174.296,1761151657274.972,100.37,10.015,Char.m,Char.f,m
1761151657250.623,1761151657347.401,97.006,-24.619,Char.f,Char.m,f
1761151657314.962,1761151657405.546,90.772,-32.178,Key.space,Char.f,
1761151657442.634,1761151657506.67,63.649,36.937,Char.d,Key.space,d
1761151657607.846,1761151657788.482,180.823,101.163,Char.h,Char.d,h
1761151657708.755,1761151657848.775,140.721,-80.114,Char.k,Char.h,k
1761151657819.161,1761151657919.269,100.449,-29.981,Char.s,Char.k,s
1761151657930.878,1761151658031.003,100.64,11.038,Char.t,Char.s,t
1761151657996.802,1761151658090.803,94.711,-35.046,Char.n,Char.t,n
1761151658121.002,1761151658201.972,80.234,30.344,Char.g,Char.n,g
1761151658193.404,1761151658282.59,88.929,-7.702,Char.k,Char.g,k
1761151658368.643,1761151658483.763,115.36,85.517,Char.p,Char.k,p
1761151658705.35,1761151658785.607,80.405,221.457,Key.backspace,Char.p,
1761151659188.419,1761151659289.097,100.335,403.323,Char.r,Key.backspace,r
1761151659259.508,1761151659458.407,199.751,-29.842,Char.p,Char.r,p
1761151659369.881,1761151659470.567,101.048,-89.501,Key.space,Char.p,
1761151659446.985,1761151659582.435,135.631,-24.157,Char.a,Key.space,a
1761151659510.647,1761151659653.112,141.531,-71.048,Char.k,Char.a,k
1761151659597.0,1761151659743.221,145.616,-55.375,Char.s,Char.k,s
1761151659693.686,1761151659822.951,130.223,-49.69,Char.e,Char.s,e
1761151659799.184,1761151659873.796,74.666,-24.04,Char.m,Char.e,m
1761151659884.293,1761151659984.056,100.318,9.998,Char.s,Char.m,s
1761151659945.337,1761151660005.239,59.203,-38.513,Char.m,Char.s,m
1761151660031.093,1761151660175.38,145.262,25.577,Char.s,Char.m,s
1761151660106.101,1761151660207.139,101.895,-70.186,Key.space,Char.s,
1761151660281.837,1761151660366.667,84.898,74.446,Char.r,Key.space,r
1761151660352.606,1761151660467.054,115.104,-14.669,Char.j,Char.r,j
1761151660452.371,1761151660549.412,96.493,-14.622,Char.t,Char.j,t
1761151660594.077,1761151660699.573,105.79,44.573,Char.d,Char.t,d
1761151660674.027,1761151660759.806,85.119,-25.151,Char.l,Char.d,l
1761151660785.516,1761151660890.375,104.608,26.339,Char.e,Char.l,e
1761151660846.676,1761151660940.906,94.436,-44.021,Char.k,Char.e,k
1761151661042.345,1761151661143.061,101.25,100.959,Char..,Char.k,.
1761151661188.06,1761151661283.992,96.265,44.44,Key.enter,Char..,
1761151661485.544,1761151661591.034,105.411,202.135,Char.s,Key.enter,s
1761151661570.816,1761151661682.639,111.242,-20.175,Char.h,Char.s,h
1761151661606.804,1761151661702.0,94.608,-75.345,Char.r,Char.h,r
1761151661778.516,1761151661872.913,94.957,76.371,Char.t,Char.r,t
1761151661848.772,1761151661973.106,124.974,-24.746,Char.m,Char.t,m
1761151661948.919,1761151662073.801,125.001,-24.267,Char.f,Char.m,f
1761151662089.872,1761151662215.672,126.401,15.499,Char.d,Char.f,d
1761151662170.472,1761151662295.056,125.285,-45.78,Char.j,Char.d,j
1761151662239.739,1761151662332.239,92.303,-55.395,Key.space,Char.j,
1761151662320.664,1761151662417.085,95.564,-11.205,Char.a,Key.space,a
1761151662402.422,1761151662497.787,95.891,-14.664,Char.h,Char.a,h
1761151662472.18,1761151662568.142,96.051,-25.825,Char.t,Char.h,t
1761151662556.936,1761151662688.404,131.359,-10.994,Key.space,Char.t,
1761151662643.244,1761151662779.013,135.522,-45.026,Key.shift,Key.space,
1761151662789.306,1761151662900.049,110.658,10.759,Char.m,Key.shift,m
1761151662911.363,1761151663000.781,89.388,10.891,Char.r,Char.m,r
1761151662977.132,1761151663121.4,145.059,-23.929,Char.p,Char.r,p
1761151663091.256,1761151663182.425,91.048,-30.736,Key.space,Char.p,
1761151663217.348,1761151663313.305,95.896,35.331,Char.g,Key.space,g
1761151663303.02,1761151663393.997,90.59,-10.277,Char.k,Char.g,k
1761151663403.526,1761151663503.929,100.253,10.207,Char.r,Char.k,r
1761151663474.289,1761151663554.566,80.211,-29.935,Char.l,Char.r,l
1761151663565.603,1761151663665.742,100.738,10.989,Char.q,Char.l,q
1761151663631.717,1761151663717.119,85.485,-34.697,Char.h,Char.q,h
1761151663731.762,1761151663806.043,73.99,15.219,Char.e,Char.h,e
1761151663797.923,1761151663876.783,79.198,-8.695,Char.k,Char.e,k
1761151663892.377,1761151663977.46,85.211,15.513,Char.s,Char.k,s
1761151663942.99,1761151664038.207,95.274,-34.666,Char.m,Char.s,m
1761151664058.253,1761151664168.769,110.499,20.405,Char.s,Char.m,s
1761151664127.896,1761151664229.243,101.168,-40.667,Key.space,Char.s,
1761151664480.925,1761151664592.206,110.74,251.671,Key.shift,Key.space,
1761151664623.528,1761151664713.506,89.912,31.943,Char.j,Key.shift,j
1761151664734.828,1761151664834.907,99.915,20.899,Char.t,Char.j,t
1761151664818.77,1761151664944.915,125.519,-15.329,Char.j,Char.t,j
1761151664898.763,1761151665004.611,105.481,-45.621,Key.space,Char.j,
1761151664981.219,1761151665085.288,105.064,-23.463,Char.e,Key.space,e
1761151665035.743,1761151665175.095,140.037,-50.178,Char.k,Char.e,k
1761151665111.383,1761151665186.612,74.604,-64.253,Char.f,Char.k,f
1761151665261.839,1761151665368.174,106.161,75.612,Char.r,Char.f,r
1761151665307.032,1761151665458.334,150.995,-60.946,Char.p,Char.r,p
1761151665397.857,1761151665487.511,90.01,-60.187,Key.space,Char.p,
1761151665558.44,1761151665669.612,110.8,70.953,Char.k,Key.space,k
1761151665519.258,1761151665679.427,160.189,-150.44,Char.g,Char.k,g
1761151665753.372,1761151665870.658,117.985,73.417,Char.s,Char.g,s
1761151665848.935,1761151665941.953,93.165,-21.696,Char.m,Char.s,m
1761151665952.736,1761151666052.422,99.85,10.517,Char.s,Char.m,s
1761151666042.601,1761151666128.911,85.631,-9.913,Key.space,Char.s,
1761151666119.548,1761151666193.687,74.839,-9.353,Char.r,Key.space,r
1761151666215.178,1761151666304.15,89.146,20.993,Char.j,Char.r,j
1761151666273.803,1761151666375.166,101.182,-29.924,Char.t,Char.j,t
1761151666441.28,1761151666545.756,104.784,65.58,Char.d,Char.t,d
1761151666516.722,1761151666645.789,129.548,-28.972,Char.l,Char.d,l
1761151666586.643,1761151666686.957,100.457,-60.111,Key.space,Char.l,
1761151666697.492,1761151666777.074,80.269,10.394,Char.s,Key.space,s
1761151666752.262,1761151666847.824,95.571,-24.823,Char.k,Char.s,k
1761151666803.305,1761151666928.156,124.629,-44.393,Char.t,Char.k,t
1761151666904.591,1761151667049.323,145.493,-23.964,Char.e,Char.t,e
1761151667015.311,1761151667099.806,84.79,-34.584,Char.k,Char.e,k
1761151667361.948,1761151667432.507,70.315,261.811,Key.backspace,Char.k,
1761151667502.699,1761151667593.249,90.673,70.493,Key.backspace,Key.backspace,
1761151667644.185,1761151667734.828,90.813,50.514,Key.backspace,Key.backspace,
1761151667780.607,1761151668429.16,648.505,45.608,Key.backspace,Key.backspace,
1761151668624.642,1761151668710.865,85.687,196.313,Key.backspace,Key.backspace,
1761151668806.757,1761151668882.392,76.042,95.787,Key.backspace,Key.backspace,
1761151669038.133,1761151669144.486,106.537,155.497,Key.backspace,Key.backspace,
1761151669291.678,1761151669435.919,144.796,146.823,Char.e,Key.backspace,e
1761151669336.845,1761151669486.845,149.912,-99.713,Char.k,Char.e,k
1761151669426.852,1761151669517.059,89.842,-59.351,Char.f,Char.k,f
1761151669563.523,1761151669693.691,130.682,46.152,Char.r,Char.f,r
1761151669657.944,1761151669835.303,176.931,-35.499,Char.p,Char.r,p
1761151669773.088,1761151669894.075,120.914,-62.017,Key.space,Char.p,
1761151670176.016,1761151670256.805,80.679,281.958,Key.backspace,Key.space,
1761151670327.302,1761151670398.519,70.853,70.564,Key.backspace,Key.backspace,
1761151670458.26,1761151670569.829,111.191,60.309,Key.backspace,Key.backspace,
1761151670651.071,1761151670771.778,120.035,81.649,Char.e,Key.backspace,e
1761151670705.741,1761151670871.969,166.269,-65.803,Char.k,Char.e,k
1761151670802.107,1761151670912.191,110.227,-69.516,Char.f,Char.k,f
1761151670967.468,1761151671093.459,125.958,55.289,Char.r,Char.f,r
1761151671013.521,1761151671224.169,210.501,-80.443,Char.p,Char.r,p
1761151671143.703,1761151671253.661,110.302,-79.971,Key.space,Char.p,
1761151671244.143,1761151671354.769,110.367,-9.49,Char.g,Key.space,g
1761151671329.599,1761151671435.469,106.286,-25.16,Char.k,Char.g,k
1761151671400.81,1761151671505.723,104.744,-35.09,Char.s,Char.k,s
1761151671641.879,1761151671727.217,86.241,135.656,Key.backspace,Char.s,
1761151671799.444,1761151671877.701,78.711,71.663,Key.backspace,Key.backspace,
1761151671948.857,1761151672029.713,81.172,70.588,Key.backspace,Key.backspace,
1761151672099.627,1761151672190.095,90.608,69.953,Key.backspace,Key.backspace,
1761151672255.867,1761151672341.455,85.769,65.398,Key.backspace,Key.backspace,
1761151672719.358,1761151672785.406,65.713,377.686,Key.backspace,Key.backspace,
1761151674104.977,1761151674225.055,119.673,1320.467,Char.e,Key.backspace,e
1761151674181.056,1761151674305.763,125.088,-44.211,Char.k,Char.e,k
1761151674245.575,1761151674345.39,99.458,-59.596,Char.f,Char.k,f
1761151674406.86,1761151674487.876,80.912,60.978,Char.g,Char.f,g
1761151674546.808,1761151674657.676,110.364,59.956,Char.r,Char.g,r
1761151674648.133,1761151674809.078,160.753,-9.7,Char.p,Char.r,p
1761151674769.331,1761151674829.132,60.118,-40.248,Key.space,Char.p,
1761151674821.623,1761151674921.418,99.717,-7.545,Char.g,Key.space,g
1761151674909.991,1761151674995.525,85.388,-11.003,Char.k,Char.g,k
1761151674986.953,1761151675051.057,64.07,-8.894,Char.s,Char.k,s
1761151675072.045,1761151675151.753,80.0,21.472,Char.m,Char.s,m
1761151675127.701,1761151675242.477,114.694,-24.627,Char.s,Char.m,s
1761151675227.467,1761151675324.068,96.803,-14.614,Key.space,Char.s,
1761151675288.593,1761151675363.918,74.755,-35.51,Char.r,Key.space,r
1761151675373.438,1761151675514.41,140.917,10.164,Char.j,Char.r,j
1761151675429.009,1761151675535.817,106.446,-85.657,Char.t,Char.j,t
1761151675596.335,1761151675725.033,129.496,60.411,Char.d,Char.t,d
1761151675665.576,1761151675837.922,171.813,-59.797,Char.l,Char.d,l
1761151675766.647,1761151675887.059,120.202,-70.931,Key.space,Char.l,
1761151675897.13,1761151676018.084,120.048,10.866,Char.s,Key.space,s
1761151675997.955,1761151676108.222,110.272,-19.644,Char.k,Char.s,k
1761151676068.546,1761151676228.873,160.201,-39.442,Char.t,Char.k,t
1761151676184.115,1761151676321.391,136.974,-44.934,Char.e,Char.t,e
1761151676279.65,1761151676360.524,80.327,-41.204,Char.k,Char.e,k
1761151676460.696,1761151676541.503,80.434,100.744,Char..,Char.k,.
1761151676607.033,1761151676701.983,95.565,65.25,Key.enter,Char..,
1761151682076.594,1761151682216.653,140.072,5374.255,Char.d,Key.enter,d
1761151682172.399,1761151682306.695,134.712,-44.179,Char.l,Char.d,l
1761151682236.674,1761151682347.892,110.54,-70.06,Char.a,Char.l,a
1761151682374.045,1761151682467.899,94.068,26.613,Char.w,Char.a,w
1761151682458.37,1761151682609.617,150.561,-9.468,Char.l,Char.w,l
1761151682564.302,1761151682659.353,95.438,-45.036,Char.s,Char.l,s
1761151682639.224,1761151682791.633,152.347,-20.754,Char.d,Char.s,d
1761151682745.163,1761151682891.964,145.706,-45.503,Char.h,Char.d,h
1761151682825.975,1761151682911.919,85.253,-65.268,Char.o,Char.h,o
1761151682883.89,1761151683002.222,119.024,-27.876,Char.f,Char.o,f
1761151682977.615,1761151683113.872,136.213,-25.249,Char.k,Char.f,k
1761151683083.513,1761151683168.957,84.976,-29.692,Char.s,Char.k,s
1761151683159.143,1761151683294.38,135.54,-10.217,Char.r,Char.s,r
1761151683239.07,1761151683404.847,166.169,-54.737,Char.h,Char.r,h
1761151683335.678,1761151683495.566,160.22,-70.171,Char.k,Char.h,k
1761151683415.326,1761151683525.157,110.529,-80.344,Key.space,Char.k,
1761151683506.604,1761151683587.958,81.124,-19.353,Char.w,Key.space,w
1761151683573.072,1761151683687.083,113.647,-14.409,Char.j,Char.w,j
1761151683657.39,1761151683716.78,59.369,-29.01,Char.d,Char.j,d
1761151683774.404,1761151683898.689,124.141,56.89,Char.d,Char.d,d
1761151683879.647,1761151683968.7,89.133,-18.682,Char.b,Char.d,b
1761151684141.618,1761151684251.297,109.777,173.094,Char.w,Char.b,w
1761151684242.746,1761151684311.1,68.972,-9.21,Char.o,Char.w,o
1761151684327.265,1761151684422.768,94.805,16.359,Char.f,Char.o,f
1761151684403.147,1761151684503.321,100.516,-19.574,Char.k,Char.f,k
1761151684483.269,1761151684614.242,130.388,-19.871,Char.s,Char.k,s
1761151684593.745,1761151684652.059,58.672,-20.69,Key.space,Char.s,
1761151684628.81,1761151684744.024,115.469,-22.929,Char.g,Key.space,g
1761151684759.713,1761151684916.418,156.221,15.261,Char.n,Char.g,n
1761151684850.133,1761151684975.921,125.933,-65.838,Key.space,Char.n,
1761151684952.311,1761151685087.332,135.335,-23.88,Char.r,Key.space,r
1761151685053.302,1761151685187.935,134.587,-34.616,Char.h,Char.r,h
1761151685132.954,1761151685278.546,144.685,-54.062,Char.k,Char.h,k
1761151685162.376,1761151685328.373,165.658,-115.288,Char.d,Char.k,d
1761151685289.065,1761151685403.716,115.127,-39.717,Char.g,Char.d,g
1761151685394.159,1761151685469.903,74.85,-9.338,Char.o,Char.g,o
1761151685509.668,1761151685599.904,90.222,40.747,Char.r,Char.o,r
1761151685570.275,1761151685675.172,105.363,-29.813,Char.n,Char.r,n
1761151685686.707,1761151685776.634,90.351,10.379,Char.s,Char.n,s
1761151685786.854,1761151685897.373,110.887,9.813,Key.space,Char.s,
1761151685866.77,1761151686003.545,136.2,-30.318,Key.shift,Key.space,
1761151686094.54,1761151686189.829,95.776,90.819,Key.space,Key.shift,
1761151686150.22,1761151686240.473,90.239,-39.448,Char.g,Key.space,g
1761151686230.389,1761151686321.078,90.859,-10.019,Char.j,Char.g,j
1761151686307.578,1761151686406.867,98.906,-13.791,Char.w,Char.j,w
1761151686396.843,1761151686492.066,95.4,-9.446,Char.n,Char.w,n
1761151686510.225,1761151686623.334,113.22,17.287,Char.s,Char.n,s
1761151686608.85,1761151686724.428,115.025,-13.97,Char.d,Char.s,d
1761151686789.352,1761151686864.483,75.297,64.842,Key.backspace,Char.d,
1761151686944.398,1761151687014.885,70.465,80.451,Key.backspace,Key.backspace,
1761151687085.689,1761151687156.62,70.628,70.467,Key.backspace,Key.backspace,
1761151687221.892,1761151687296.71,75.615,65.359,Key.backspace,Key.backspace,
1761151687362.915,1761151687438.777,75.697,65.467,Key.backspace,Key.backspace,
1761151687705.829,1761151687851.613,145.627,267.692,Key.shift,Key.backspace,
1761151687882.865,1761151687973.677,90.618,31.042,Char.o,Key.shift,o
1761151688058.192,1761151688133.246,75.03,85.033,Key.space,Char.o,
1761151688143.79,1761151688244.819,100.81,10.586,Char.g,Key.space,g
1761151688205.168,1761151688294.156,89.429,-39.829,Char.j,Char.g,j
1761151688264.749,1761151688354.575,90.072,-29.602,Char.w,Char.j,w
1761151688380.029,1761151688505.155,125.347,25.591,Char.n,Char.w,n
1761151688445.906,1761151688566.939,120.569,-59.651,Char.s,Char.n,s
1761151688551.319,1761151688658.438,106.558,-15.201,Char.d,Char.s,d
1761151688631.854,1761151688718.921,86.153,-25.787,Char.m,Char.d,m
1761151688728.427,1761151688803.291,74.884,9.691,Char.s,Char.m,s
1761151688792.772,1761151688868.691,75.23,-9.97,Key.space,Char.s,
1761151688879.219,1761151688949.651,70.378,10.59,Char.e,Key.space,e
1761151688914.428,1761151689019.526,105.272,-35.052,Char.h,Char.e,h
1761151689045.171,1761151689110.982,65.758,25.743,Char.d,Char.h,d
1761151689176.986,1761151689281.801,104.449,66.075,Char.d,Char.d,d
1761151689252.355,1761151689434.756,182.949,-29.241,Char.m,Char.d,m
1761151689358.88,1761151689563.914,205.05,-76.664,Char.l,Char.m,l
1761151689525.633,1761151689638.897,113.611,-38.167,Char.q,Char.l,q
1761151689629.812,1761151689735.196,105.229,-9.239,Char.h,Char.q,h
1761151689692.479,1761151689785.417,92.725,-42.21,Char.r,Char.h,r
1761151689795.937,1761151689927.582,131.106,10.409,Char.k,Char.r,k
1761151689855.289,1761151689986.622,130.273,-70.86,Char.a,Char.k,a
1761151689951.592,1761151690096.763,145.176,-34.401,Char.d,Char.a,d
1761151690067.581,1761151690147.457,80.246,-29.924,Char.m,Char.d,m
1761151690158.869,1761151690258.552,99.421,11.723,Char.f,Char.m,f
1761151690247.986,1761151690358.925,110.784,-10.675,Key.space,Char.f,
1761151690369.438,1761151690485.144,115.174,10.864,Char.v,Key.space,v
1761151690477.062,1761151690561.393,84.989,-8.228,Char.u,Char.v,u
1761151690570.991,1761151690712.04,141.693,9.112,Char.s,Char.u,s
1761151690728.613,1761151690832.469,104.121,15.972,Char.c,Char.s,c
1761151690793.035,1761151690945.605,152.68,-39.68,Char.k,Char.c,k
1761151690893.955,1761151691044.109,149.849,-51.392,Char.s,Char.k,s
1761151691009.068,1761151691125.267,115.375,-34.497,Char.g,Char.s,g
1761151691095.137,1761151691175.464,80.493,-30.12,Char.k,Char.g,k
1761151691161.553,1761151691265.956,104.12,-13.779,Char.d,Char.k,d
1761151691306.949,1761151691427.149,120.564,40.898,Key.shift,Char.d,
1761151691458.01,1761151691587.974,129.282,31.446,Char.e,Key.shift,e
1761151691523.128,1761151691628.851,105.386,-64.539,Char.k,Char.e,k
1761151691719.325,1761151691839.903,120.531,90.465,Char..,Char.k,.
1761151691869.589,1761151691961.043,91.148,29.98,Key.enter,Char..,
1761151692092.674,1761151692192.693,99.934,131.95,Char.r,Key.enter,r
1761151692172.577,1761151692252.385,80.209,-20.43,Char.h,Char.r,h
1761151692267.969,1761151692393.55,125.607,15.57,Char.f,Char.h,f
1761151691250.534,1761151692484.771,1233.56,-1142.24,Char.u,Char.f,u
1761151692455.432,1761151692564.197,108.393,-28.81,Key.space,Char.u,
1761151692549.751,1761151692655.629,105.223,-14.245,Char.t,Key.space,t
1761151692670.44,1761151692806.89,136.403,15.409,Char.n,Char.t,n
1761151692735.479,1761151692888.144,151.653,-70.926,Char.r,Char.n,r
1761151692868.188,1761151692977.401,109.889,-20.033,Char.w,Char.r,w
1761151692953.829,1761151693047.662,94.744,-24.496,Char.h,Char.w,h
1761151693123.604,1761151693239.334,115.72,75.466,Key.space,Char.h,
1761151693134.213,1761151693249.911,115.382,-105.135,Char.d,Key.space,d
1761151693627.678,1761151693702.618,74.743,378.275,Key.backspace,Char.d,
1761151693778.92,1761151693848.704,70.166,75.924,Key.backspace,Key.backspace,
1761151693908.61,1761151694000.003,90.78,60.309,Key.backspace,Key.backspace,
1761151694026.966,1761151694141.441,115.12,26.805,Char.w,Key.backspace,w
1761151694117.354,1761151694202.05,84.865,-24.753,Char.h,Char.w,h
1761151694212.627,1761151694322.571,110.248,10.94,Char.d,Char.h,d
1761151694312.273,1761151694423.855,111.316,-10.769,Key.space,Char.d,
1761151694393.041,1761151694504.085,111.472,-30.893,Key.shift,Key.space,
1761151694529.929,1761151694684.993,155.206,25.408,Char.o,Key.shift,o
1761151694639.738,1761151694754.908,115.055,-44.761,Key.space,Char.o,
1761151694825.383,1761151694926.972,100.86,71.071,Char.r,Key.space,r
1761151694891.237,1761151694996.868,105.356,-35.472,Char.n,Char.r,n
1761151695006.874,1761151695128.875,121.287,10.466,Char.r,Char.n,r
1761151695118.777,1761151695248.998,129.978,-9.908,Char.w,Char.r,w
1761151695203.166,1761151695309.768,105.909,-45.024,Char.k,Char.w,k
1761151695323.8,1761151695449.955,126.238,14.307,Char.r,Char.k,r
1761151695404.99,1761151695541.874,136.293,-44.958,Char.k,Char.r,k
1761151695497.747,1761151695631.949,133.707,-43.519,Char.a,Char.k,a
1761151695586.736,1761151695723.145,135.551,-44.386,Char.d,Char.a,d
1761151695693.398,1761151695864.198,170.125,-29.113,Char.p,Char.d,p
1761151695803.049,1761151695924.053,121.58,-61.154,Key.space,Char.p,
1761151695839.406,1761151695953.953,114.83,-85.21,Char.t,Key.space,t
1761151695999.012,1761151696084.953,85.038,45.615,Char.j,Char.t,j
1761151696049.544,1761151696176.403,126.475,-34.696,Char.w,Char.j,w
1761151696341.669,1761151696436.644,95.158,165.566,Char.j,Char.w,j
1761151696508.421,1761151696578.543,71.083,70.99,Char.r,Char.j,r
1761151696695.544,1761151696789.825,94.169,116.444,Char.v,Char.r,v
1761151696782.289,1761151696850.368,68.05,-7.634,Char.h,Char.v,h
1761151696885.689,1761151696970.725,84.944,35.659,Char.f,Char.h,f
1761151696962.211,1761151697041.266,78.896,-8.134,Char.m,Char.f,m
1761151697056.953,1761151697142.02,85.273,15.475,Char.f,Char.m,f
1761151697131.327,1761151697212.297,80.71,-10.437,Key.space,Char.f,
1761151697228.655,1761151697344.656,115.678,16.198,Char.t,Key.space,t
1761151697288.872,1761151697384.401,95.819,-55.598,Char.j,Char.t,j
1761151697434.998,1761151697525.742,91.148,50.023,Char.f,Char.j,f
1761151697621.855,1761151697716.688,94.593,95.879,Char.c,Char.f,c
1761151697698.444,1761151697766.645,68.494,-18.005,Char.l,Char.c,l
1761151697812.201,1761151697897.894,85.733,45.892,Char.g,Char.l,g
1761151697837.859,1761151697917.636,80.28,-60.863,Char.k,Char.g,k
1761151697968.336,1761151698058.093,90.167,50.569,Char.d,Char.k,d
1761151698088.744,1761151698240.227,151.18,30.088,Key.shift,Char.d,
1761151698261.44,1761151698390.924,129.551,21.493,Char.e,Key.shift,e
1761151698335.73,1761151698431.663,95.663,-54.688,Char.k,Char.e,k
1761151699511.339,1761151699589.817,77.659,1079.993,Char..,Char.k,.
1761151699659.321,1761151699768.7,109.267,70.219,Key.enter,Char..,
1761151699937.821,1761151700063.732,126.464,168.487,Char.a,Key.enter,a
1761151700042.584,1761151700163.736,121.099,-20.738,Char.n,Char.a,n
1761151700118.898,1761151700214.922,95.99,-45.478,Char.s,Char.n,s
1761151700231.944,1761151700345.644,113.868,16.929,Char.a,Char.s,a
1761151700289.626,1761151700376.231,85.762,-55.358,Char.n,Char.a,n
1761151700413.746,1761151700526.529,113.142,37.668,Char.d,Char.n,d
1761151700481.781,1761151700631.838,149.777,-44.616,Char.h,Char.d,h
1761151700566.814,1761151700697.912,130.942,-64.669,Char.k,Char.h,k
1761151700622.296,1761151700727.67,106.183,-75.939,Char.d,Char.k,d
1761151700742.859,1761151700858.695,115.514,14.473,Key.space,Char.d,
1761151700813.515,1761151700918.814,105.199,-44.881,Key.shift,Key.space,
1761151700965.946,1761151701089.525,124.344,46.962,Char.o,Key.shift,o
1761151701044.85,1761151701120.216,75.575,-45.55,Key.space,Char.o,
1761151701132.351,1761151701240.832,108.369,12.535,Char.w,Key.space,w
1761151701201.155,1761151701311.448,110.42,-39.698,Char.l,Char.w,l
1761151701321.984,1761151701433.51,111.187,10.253,Char.q,Char.l,q
1761151701402.812,1761151701542.62,140.538,-30.516,Char.k,Char.q,k
1761151701493.467,1761151701593.449,100.391,-49.972,Char.d,Char.k,d
1761151701583.914,1761151701715.532,131.141,-9.474,Char.r,Char.d,r
1761151701664.89,1761151701809.834,145.03,-50.253,Char.h,Char.r,h
1761151701800.174,1761151701890.996,90.372,-9.624,Char.s,Char.h,s
1761151701750.148,1761151701900.518,150.14,-140.126,Char.k,Char.s,k
1761151701926.68,1761151702061.355,135.762,25.476,Char.d,Char.k,d
1761151702007.036,1761151702112.736,105.769,-55.148,Char.m,Char.d,m
1761151702133.458,1761151702224.079,90.636,20.744,Char.f,Char.m,f
1761151702233.228,1761151702324.287,90.851,9.347,Key.space,Char.f,
1761151702345.481,1761151702445.093,100.503,21.128,Char.r,Key.space,r
1761151702419.91,1761151702565.252,146.384,-25.996,Char.k,Char.r,k
1761151702500.471,1761151702635.63,135.483,-65.633,Char.a,Char.k,a
1761151702606.646,1761151702736.794,130.159,-29.473,Char.c,Char.a,c
1761151702726.618,1761151702868.107,140.728,-9.775,Char.k,Char.c,k
1761151702797.732,1761151702888.08,90.434,-69.594,Char.f,Char.k,f
1761151703105.14,1761151703199.344,95.16,216.132,Char.g,Char.f,g
1761151703170.33,1761151703270.042,100.348,-29.738,Char.k,Char.g,k
1761151703281.633,1761151703360.668,79.212,11.321,Char.r,Char.k,r
1761151703336.55,1761151703446.978,110.915,-24.756,Char.h,Char.r,h
1761151703436.929,1761151703544.83,107.446,-9.851,Char.w,Char.h,w
1761151703518.031,1761151703674.227,156.492,-26.982,Char.k,Char.w,k
1761151703607.982,1761151703724.201,116.296,-66.213,Key.space,Char.k,
1761151703684.183,1761151703804.319,119.945,-39.937,Char.d,Key.space,d
1761151703769.003,1761151703915.654,146.282,-34.977,Char.h,Char.d,h
1761151703845.186,1761151703955.571,110.414,-70.184,Char.l,Char.h,l
1761151703900.4,1761151704025.115,125.594,-55.602,Char.t,Char.l,t
1761151704018.059,1761151704117.258,99.075,-7.524,Char.k,Char.t,k
1761151704086.618,1761151704192.17,105.237,-30.053,Char.w,Char.k,w
1761151704183.687,1761151704307.816,124.463,-9.249,Char.j,Char.w,j
1761151704252.827,1761151704337.53,84.705,-54.526,Char.d,Char.j,d
1761151704419.358,1761151704499.472,80.592,80.941,Char.d,Char.d,d
1761151704479.328,1761151704569.477,89.861,-19.714,Char.m,Char.d,m
1761151704560.412,1761151704650.41,90.355,-9.632,Char.f,Char.m,f
1761151704659.922,1761151704755.491,95.623,9.705,Key.space,Char.f,
1761151704747.376,1761151704832.138,84.909,-8.399,Char.v,Key.space,v
1761151704808.016,1761151704926.754,118.656,-23.746,Char.k,Char.v,k
1761151704918.22,1761151705022.725,104.195,-8.511,Char.r,Char.k,r
1761151698015.452,1761151705114.225,7098.598,-7007.384,Char.u,Char.r,u
1761151705078.365,1761151705203.827,125.519,-35.464,Char.s,Char.u,s
1761151705158.667,1761151705284.272,125.686,-45.112,Char.g,Char.s,g
1761151705267.81,1761151705354.995,87.586,-16.91,Char.k,Char.g,k
1761151705340.145,1761151705461.992,121.413,-14.867,Char.d,Char.k,d
1761151705496.403,1761151705637.815,141.625,34.329,Key.shift,Char.d,
1761151705678.536,1761151705839.54,160.593,41.027,Char.e,Key.shift,e
1761151705778.719,1761151705868.696,90.106,-60.628,Char.k,Char.e,k
1761151706035.156,1761151706150.674,115.412,166.784,Char..,Char.k,.
1761151706180.829,1761151706301.255,120.425,30.194,Key.enter,Char..,
1761151707049.101,1761151707178.211,129.743,746.99,Char.d,Key.enter,d
1761151707123.257,1761151707274.206,151.331,-55.443,Char.n,Char.d,n
1761151707218.701,1761151707329.514,110.877,-55.321,Char.l,Char.n,l
1761151707265.445,1761151707420.261,154.617,-64.607,Char.a,Char.l,a
1761151707435.18,1761151707500.741,65.35,15.757,Char.s,Char.a,s
1761151707390.058,1761151707510.348,120.285,-110.814,Char.k,Char.s,k
1761151707582.583,1761151707671.249,89.193,71.94,Char.w,Char.k,w
1761151707641.962,1761151707722.096,80.324,-29.866,Char.h,Char.w,h
1761151707733.627,1761151707831.251,97.372,11.737,Char.t,Char.h,t
1761151707814.127,1761151707913.618,98.868,-16.648,Char.j,Char.t,j
1761151707888.611,1761151708004.034,115.428,-24.855,Char.s,Char.j,s
1761151708014.562,1761151708135.781,120.88,10.946,Char.d,Char.s,d
1761151708170.52,1761151708267.865,96.831,35.044,Char.m,Char.d,m
1761151708185.087,1761151708276.498,90.702,-81.927,Char.s,Char.m,s
1761151708452.485,1761151708558.262,105.613,175.81,Key.space,Char.s,
1761151708775.738,1761151708849.98,74.703,217.509,Char.w,Key.space,w
1761151708866.018,1761151708966.073,100.207,15.753,Char.l,Char.w,l
1761151708956.575,1761151709021.733,64.976,-9.553,Char.s,Char.l,s
1761151709071.739,1761151709182.44,110.577,50.439,Char.q,Char.s,q
1761151709147.981,1761151709262.805,114.596,-34.272,Char.j,Char.q,j
1761151709273.142,1761151709353.525,80.232,10.497,Char.s,Char.j,s
1761151709318.866,1761151709443.941,125.354,-34.894,Char.r,Char.s,r
1761151709378.746,1761151709559.438,180.859,-65.055,Char.h,Char.r,h
1761151709474.559,1761151709655.033,181.08,-85.206,Char.k,Char.h,k
1761151709550.926,1761151709676.741,125.843,-105.22,Key.space,Char.k,
1761151709696.921,1761151709806.896,110.118,20.192,Char.d,Key.space,d
1761151709782.057,1761151709882.798,100.621,-24.162,Char.l,Char.d,l
1761151709863.99,1761151709943.191,78.577,-18.758,Char.a,Char.l,a
1761151710003.815,1761151710096.584,92.486,60.91,Char.e,Char.a,e
1761151710080.152,1761151710215.032,135.973,-16.42,Char.n,Char.e,n
1761151710180.201,1761151710355.279,175.492,-35.425,Char.s,Char.n,s
1761151710321.703,1761151710455.97,135.068,-34.557,Char.d,Char.s,d
1761151710426.916,1761151710507.451,80.206,-29.083,Char.m,Char.d,m
1761151710522.032,1761151710638.116,115.446,14.787,Char.f,Char.m,f
1761151710607.814,1761151710697.696,90.15,-29.812,Key.space,Char.f,
1761151710708.779,1761151710855.312,146.816,10.52,Char.q,Key.space,q
1761151710815.053,1761151710969.93,154.783,-40.284,Char.h,Char.q,h
1761151710902.013,1761151710990.552,89.01,-68.412,Char.r,Char.h,r
1761151711308.262,1761151711402.982,94.886,317.59,Char.t,Char.r,t
1761151711377.863,1761151711503.813,125.431,-24.778,Char.h,Char.t,h
1761151711494.242,1761151711605.827,112.426,-9.859,Char.r,Char.h,r
1761151712078.829,1761151712178.265,99.335,472.92,Char.g,Char.r,g
1761151712159.142,1761151712239.0,80.056,-19.52,Char.k,Char.g,k
1761151712254.859,1761151712370.681,115.808,15.52,Char.d,Char.k,d
1761151705451.769,1761151712490.811,7038.757,-6918.376,Char.u,Char.d,u
1761151712435.008,1761151712551.896,116.204,-55.437,Key.space,Char.u,
1761151712587.574,1761151712668.334,80.816,35.825,Char.d,Key.space,d
1761151712656.875,1761151712793.005,135.824,-10.875,Char.u,Char.d,u
1761151712742.794,1761151712822.563,80.243,-50.367,Char.d,Char.u,d
1761151712913.961,1761151712985.211,71.212,91.001,Char.x,Char.d,x
1761151712969.774,1761151713086.681,116.614,-15.36,Char.h,Char.x,h
1761151713075.619,1761151713155.141,79.79,-10.677,Char.f,Char.h,f
1761151713196.608,1761151713276.032,79.342,41.154,Char.m,Char.f,m
1761151713246.612,1761151713317.589,70.896,-29.172,Char.f,Char.m,f
1761151713346.965,1761151713426.931,80.361,28.903,Key.space,Char.f,
1761151713407.838,1761151713508.001,99.778,-18.896,Char.g,Key.space,g
1761151713458.938,1761151713620.717,162.577,-49.357,Char.h,Char.g,h
1761151713548.542,1761151713709.172,160.758,-72.499,Char.k,Char.h,k
1761151713584.651,1761151713720.682,135.585,-124.721,Char.r,Char.k,r
1761151713700.594,1761151713820.059,119.331,-19.17,Char.e,Char.r,e
1761151713795.239,1761151713861.416,65.139,-24.247,Char.o,Char.e,o
1761151713878.042,1761151713971.416,93.823,16.412,Char.g,Char.o,g
1761151713962.024,1761151714021.179,59.534,-9.468,Char.k,Char.g,k
1761151714052.802,1761151714141.994,89.706,31.066,Char.d,Char.k,d
1761151714168.638,1761151714303.344,134.819,26.342,Key.shift,Char.d,
1761151714336.47,1761151714464.931,128.185,32.875,Char.e,Key.shift,e
1761151714405.773,1761151714495.052,89.593,-59.267,Char.k,Char.e,k
1761151714611.097,1761151714716.655,105.793,116.125,Char..,Char.k,.
1761151714791.886,1761151714888.278,95.85,75.147,Key.enter,Char..,
1761151715452.225,1761151715683.333,231.741,564.21,Char.None,Key.enter,
1761151715798.638,1761151715975.077,176.483,115.114,Char.None,Char.None,
1761151716474.141,1761151716559.925,85.755,499.164,Char.s,Char.None,s
1761151714107.259,1761151716620.96,2512.867,-2452.683,Char.u,Char.s,u
1761151716630.915,1761151716731.817,100.502,10.715,Char.s,Char.u,s
1761151716675.393,1761151716780.604,105.549,-56.205,Key.space,Char.s,
1761151716791.659,1761151716902.0,110.099,10.592,Char.t,Key.space,t
1761151716848.038,1761151716952.744,105.128,-54.118,Char.j,Char.t,j
1761151716963.341,1761151717064.26,100.849,10.234,Char.d,Char.j,d
1761151717039.278,1761151717145.78,106.95,-24.9,Char.l,Char.d,l
1761151717124.055,1761151717244.429,120.488,-21.928,Char.s,Char.l,s
1761151717221.253,1761151717365.401,144.327,-23.682,Char.d,Char.s,d
1761151717310.614,1761151717455.806,145.625,-54.933,Char.l,Char.d,l
1761151717395.748,1761151717475.401,79.773,-59.77,Key.space,Char.l,
1761151717487.515,1761151717576.805,89.443,11.35,Char.w,Key.space,w
1761151717526.468,1761151717606.524,80.145,-49.844,Char.n,Char.w,n
1761151717649.464,1761151717738.605,88.89,42.394,Char.e,Char.n,e
1761151717713.923,1761151717818.667,105.468,-24.722,Char.h,Char.e,h
1761151717830.217,1761151717924.591,93.735,11.444,Char.g,Char.h,g
1761151717913.977,1761151718035.168,120.643,-9.699,Char.k,Char.g,k
1761151718005.268,1761151718095.972,89.851,-29.079,Char.s,Char.k,s
1761151718070.627,1761151718185.307,115.502,-25.203,Key.space,Char.s,
1761151718166.447,1761151718266.485,99.758,-19.266,Char.d,Key.space,d
1761151718238.217,1761151718377.696,140.062,-28.478,Char.l,Char.d,l
1761151718342.087,1761151718407.862,65.129,-35.724,Char.s,Char.l,s
1761151718489.393,1761151718589.908,100.129,81.758,Char.w,Char.s,w
1761151718539.374,1761151718639.682,99.615,-49.832,Char.h,Char.w,h
1761151718649.269,1761151718780.813,131.505,10.412,Char.q,Char.h,q
1761151718731.31,1761151718851.094,119.964,-49.933,Char.k,Char.q,k
1761151718825.882,1761151718941.355,115.083,-24.962,Char.s,Char.k,s
1761151719003.228,1761151719112.877,109.185,61.985,Char.w,Char.s,w
1761151719103.339,1761151719243.35,139.597,-8.75,Char.j,Char.w,j
1761151719168.916,1761151719254.87,85.195,-74.14,Char.d,Char.j,d
1761151719334.803,1761151719445.332,110.445,80.13,Char.d,Char.d,d
1761151719425.194,1761151719545.704,120.504,-19.896,Char.m,Char.d,m
1761151719510.455,1761151719646.595,135.524,-34.899,Char.f,Char.m,f
1761151719656.625,1761151719828.094,170.919,10.803,Char.h,Char.f,h
1761151719762.725,1761151719877.615,115.479,-65.497,Key.space,Char.h,
1761151720015.411,1761151720144.691,129.802,137.235,Char.r,Key.space,r
1761151720136.581,1761151720290.861,154.002,-7.937,Char.h,Char.r,h
1761151720216.632,1761151720331.643,115.196,-74.195,Char.k,Char.h,k
1761151720241.949,1761151720391.645,150.042,-90.495,Char.d,Char.k,d
1761151720457.306,1761151720512.924,55.628,65.967,Char.o,Char.d,o
1761151720910.228,1761151720985.76,76.012,396.871,Key.backspace,Char.o,
1761151721060.715,1761151721137.88,76.367,75.096,Key.backspace,Key.backspace,
1761151721197.151,1761151721277.741,80.527,59.668,Key.backspace,Key.backspace,
1761151721328.649,1761151721470.053,140.747,51.223,Char.r,Key.backspace,r
1761151721400.133,1761151721550.552,150.362,-69.801,Char.h,Char.r,h
1761151721500.206,1761151721641.092,140.611,-49.919,Char.k,Char.h,k
1761151721515.351,1761151721671.508,155.37,-124.92,Char.d,Char.k,d
1761151721683.478,1761151721781.531,98.576,12.073,Char.g,Char.d,g
1761151721772.226,1761151721853.462,81.122,-9.763,Char.o,Char.g,o
1761151721869.577,1761151721983.426,113.541,16.475,Char.r,Char.o,r
1761151721917.927,1761151722023.391,104.626,-65.028,Char.n,Char.r,n
1761151722200.134,1761151722305.528,105.822,176.719,Char.s,Char.n,s
1761151722374.45,1761151722475.375,102.077,68.659,Char.r,Char.s,r
1761151722486.927,1761151722667.447,180.442,10.946,Char.h,Char.r,h
1761151722577.826,1761151722758.473,181.104,-90.345,Char.k,Char.h,k
1761151722677.79,1761151722793.522,115.69,-80.663,Key.space,Char.k,
1761151722783.939,1761151722904.188,120.651,-9.493,Char.q,Key.space,q
1761151722834.555,1761151722969.565,135.188,-69.927,Char.n,Char.q,n
1761151722894.992,1761151722990.852,95.294,-74.424,Char.r,Char.n,r
1761151723041.786,1761151723141.893,99.871,51.054,Char.d,Char.r,d
1761151723101.673,1761151723206.802,104.815,-39.919,Char.l,Char.d,l
1761151723197.661,1761151723312.2,114.734,-9.011,Char.s,Char.l,s
1761151723298.934,1761151723424.026,125.323,-13.849,Char.d,Char.s,d
1761151723378.51,1761151723493.894,115.164,-45.3,Char.m,Char.d,m
1761151723483.882,1761151723584.109,100.074,-9.356,Char.s,Char.m,s
1761151723543.656,1761151723624.826,80.669,-40.385,Key.space,Char.s,
1761151723635.353,1761151723790.205,155.7,10.353,Char.a,Key.space,a
1761151723698.724,1761151723825.861,127.438,-92.246,Char.h,Char.a,h
1761151723782.112,1761151723844.98,64.021,-43.951,Char.f,Char.h,f
1761151723912.299,1761151724027.206,115.718,65.894,Char.f,Char.f,f
1761151723997.59,1761151724117.602,120.645,-30.229,Char.k,Char.f,k
1761151724098.54,1761151724189.328,91.22,-19.663,Char.r,Char.k,r
1761151724254.8,1761151724359.7,104.906,65.21,Char.g,Char.r,g
1761151724299.952,1761151724399.791,100.206,-60.006,Char.k,Char.g,k
